model,year,price,transmission,mileage,fuelType,tax,mpg,engineSize
 Fiesta,2017,12000,Automatic,15944,Petrol,150,57.7,1
 Focus,2018,14000,Manual,9083,Petrol,150,57.7,1
 Focus,2017,13000,Manual,12456,Petrol,150,57.7,1
 Fiesta,2019,17500,Manual,10460,Petrol,145,40.3,1.5
 Fiesta,2019,16500,Automatic,1482,Petrol,145,48.7,1
 Fiesta,2015,10500,Manual,35432,Petrol,145,47.9,1.6
 Puma,2019,22500,Manual,2029,Petrol,145,50.4,1
 Fiesta,2017,9000,Manual,13054,Petrol,145,54.3,1.2
 Kuga,2019,25500,Automatic,6894,Diesel,145,42.2,2
 Focus,2018,10000,Manual,48141,Petrol,145,61.4,1
 Fiesta,2018,11561,Manual,18803,Petrol,145,56.5,1
 EcoSport,2018,13500,Manual,12065,Petrol,145,54.3,1
 Fiesta,2017,11000,Manual,20978,Petrol,0,65.7,1
 Kuga,2018,17999,Semi-Auto,9002,Diesel,145,54.3,2
 Kuga,2018,18999,Semi-Auto,8970,Diesel,145,58.9,1.5
 Kuga,2018,14399,Manual,12810,Diesel,145,64.2,1.5
 Kuga,2019,17999,Manual,10428,Diesel,145,38.2,2
 Kuga,2018,16899,Manual,14680,Diesel,145,54.3,2
 Fiesta,2017,10999,Manual,12427,Petrol,20,62.8,1
 Fiesta,2019,12500,Manual,25521,Petrol,145,55.4,1
 Fiesta,2018,9499,Manual,20400,Petrol,145,55.4,1.1
 Fiesta,2017,10500,Manual,24926,Petrol,145,65.7,1
 Fiesta,2017,8995,Manual,26163,Petrol,145,65.7,1
 Kuga,2014,8995,Manual,59000,Diesel,160,47.9,2
 Fiesta,2014,6795,Manual,35299,Petrol,0,65.7,1
 Focus,2017,18499,Manual,13063,Petrol,145,41.5,2
 C-MAX,2018,11799,Manual,23800,Diesel,145,68.9,1.5
 Fiesta,2015,8299,Manual,25935,Petrol,0,65.7,1
 Fiesta,2018,12499,Manual,8700,Petrol,145,58.9,1
 Fiesta,2017,8699,Manual,25000,Petrol,125,54.3,1.2
 Fiesta,2016,7999,Manual,60730,Diesel,0,78.5,1.5
 Fiesta,2017,8991,Manual,18561,Petrol,145,54.3,1.2
 Focus,2019,18990,Manual,8400,Petrol,145,60.1,1
 Fiesta,2013,7236,Manual,39090,Petrol,0,65.7,1
 Kuga,2018,15287,Semi-Auto,33149,Diesel,145,58.9,1.5
 Mondeo,2019,20000,Manual,24,Diesel,145,65.7,2
 EcoSport,2020,20000,Manual,558,Petrol,145,53.3,1
 Kuga,2019,21378,Manual,3259,Diesel,145,39.2,2
 Fiesta,2018,9814,Manual,15100,Petrol,145,65.7,1
 Ka+,2018,8261,Manual,25000,Petrol,145,57.7,1.2
 Fiesta,2017,8788,Manual,15612,Petrol,145,65.7,1
 Fiesta,2018,12251,Manual,8920,Petrol,145,58.9,1
 Kuga,2017,16320,Manual,24803,Diesel,145,60.1,2
 Fiesta,2019,13140,Manual,7,Petrol,145,48.7,1.1
 Fiesta,2018,10491,Semi-Auto,43019,Petrol,145,48.7,1
 Kuga,2016,13870,Semi-Auto,41607,Diesel,145,54.3,2
 Focus,2017,14960,Manual,23554,Petrol,145,41.5,2
 Fiesta,2019,13540,Manual,6923,Petrol,145,58.9,1
 Focus,2019,17970,Manual,10985,Diesel,145,74.3,1.5
 C-MAX,2017,9330,Manual,29617,Diesel,20,68.9,1.5
 Fiesta,2016,6000,Manual,47613,Petrol,0,65.7,1
 Ka+,2019,8995,Manual,5122,Petrol,145,43.5,1.2
 Ka+,2019,8495,Manual,32,Petrol,145,48.7,1.2
 Fiesta,2016,6395,Manual,31562,Petrol,125,54.3,1.2
 Focus,2019,14495,Manual,8131,Petrol,145,58.9,1
 Tourneo Custom,2018,19995,Automatic,24568,Diesel,145,31.7,2
 S-MAX,2017,18495,Automatic,39605,Diesel,145,54.3,2
 Focus,2019,17995,Manual,11496,Diesel,145,57.6,2
 Fiesta,2013,5495,Manual,51271,Petrol,30,54.3,1.2
 Kuga,2018,16995,Automatic,7189,Diesel,145,58.9,1.5
 Kuga,2018,16495,Manual,29428,Diesel,145,54.3,1.5
 Kuga,2018,17998,Manual,12162,Petrol,145,39.2,1.5
 B-MAX,2014,7498,Semi-Auto,33023,Petrol,160,44.1,1.6
 Focus,2019,17498,Manual,2714,Petrol,150,49.6,1
 S-MAX,2017,17498,Manual,17051,Diesel,150,56.5,2
 Fiesta,2013,5998,Manual,44304,Diesel,0,76.4,1.5
 Kuga,2019,17698,Manual,4844,Petrol,145,34.4,1.5
 Kuga,2016,11000,Manual,31810,Diesel,125,60.1,2
 EcoSport,2017,8700,Manual,43081,Petrol,145,44.8,1.5
 Kuga,2017,15300,Manual,47159,Diesel,145,54.3,2
 Fiesta,2013,7490,Manual,25000,Petrol,0,65.7,1
 Focus,2017,10760,Manual,29891,Petrol,145,60.1,1
 Kuga,2019,18760,Manual,10237,Petrol,145,39.2,1.5
 Fiesta,2014,6360,Manual,48653,Petrol,0,65.7,1
 Fiesta,2014,6270,Manual,60888,Petrol,0,65.7,1
 Kuga,2017,17920,Automatic,15815,Petrol,235,38.2,1.5
 Fiesta,2013,4790,Manual,74128,Petrol,0,65.7,1
 Focus,2015,7830,Manual,50124,Diesel,0,74.3,1.5
 Fiesta,2015,6990,Manual,29851,Diesel,0,76.4,1.5
 Edge,2016,18640,Manual,24105,Diesel,160,48.7,2
 Fiesta,2015,6700,Manual,28935,Petrol,30,54.3,1.2
 Fiesta,2018,9498,Manual,30925,Petrol,145,65.7,1
 Focus,2018,13698,Manual,13418,Petrol,145,58.9,1
 Fiesta,2018,13298,Manual,13756,Petrol,145,58.9,1
 Kuga,2015,14398,Manual,25175,Diesel,145,54.3,2
 Fiesta,2017,8998,Manual,21267,Petrol,145,64.2,1.1
 Fiesta,2019,12698,Manual,12130,Petrol,145,56.5,1
 Fiesta,2019,11998,Manual,17354,Petrol,145,56.5,1
 Fiesta,2019,13498,Manual,15822,Petrol,145,58.9,1
 Fiesta,2019,13498,Manual,10557,Petrol,145,58.9,1
 Focus,2016,9698,Manual,20786,Petrol,20,61.4,1
 Focus,2016,24995,Manual,7997,Petrol,235,36.7,2.3
 Fiesta,2017,9895,Manual,19079,Petrol,145,65.7,1
 Fiesta,2018,12995,Manual,14979,Petrol,145,58.9,1
 Tourneo Connect,2015,9295,Manual,47904,Diesel,125,56.5,1.6
 Fiesta,2016,8495,Manual,24410,Petrol,125,54.3,1.2
 Fiesta,2019,13895,Manual,13600,Petrol,145,58.9,1
 Focus,2018,18298,Manual,21456,Diesel,145,67.3,2
 Focus,2015,9198,Manual,31512,Diesel,0,74.3,1.5
 Fiesta,2016,10798,Manual,11843,Petrol,0,65.7,1
 Fiesta,2016,8998,Manual,31373,Petrol,0,65.7,1
 Kuga,2018,18498,Manual,7796,Diesel,145,54.3,1.5
 Kuga,2017,13498,Manual,26597,Diesel,145,54.3,2
 Kuga,2017,14998,Manual,15978,Diesel,30,64.2,1.5
 Kuga,2017,13998,Automatic,13265,Petrol,240,38.2,1.5
 EcoSport,2016,9998,Manual,20491,Petrol,125,52.3,1
 Tourneo Connect,2017,10998,Manual,16310,Petrol,125,50.4,1
 Focus,2017,17698,Manual,14557,Petrol,145,41.5,2
 Focus,2017,11498,Semi-Auto,30917,Petrol,125,51.4,1
 Focus,2017,12798,Manual,22153,Diesel,145,74.3,1.5
 C-MAX,2015,8698,Manual,31743,Petrol,30,55.4,1
 Kuga,2019,19495,Manual,13673,Diesel,145,47.9,2
 Fiesta,2018,9995,Manual,25776,Petrol,145,65.7,1
 Focus,2016,10995,Manual,30923,Diesel,0,74.3,1.5
 Kuga,2017,13998,Manual,24504,Diesel,150,64.2,1.5
 Fiesta,2017,11998,Manual,6568,Petrol,145,62.8,1
 Tourneo Connect,2016,8998,Manual,42960,Diesel,30,61.4,1.5
 Kuga,2018,16698,Manual,5117,Diesel,145,54.3,1.5
 EcoSport,2016,8998,Manual,31736,Petrol,125,53.3,1
 Fiesta,2015,7998,Manual,19212,Petrol,0,65.7,1
 Fiesta,2018,12495,Manual,12426,Petrol,145,65.7,1
 Ka+,2017,7995,Manual,12872,Petrol,145,57.7,1.2
 Puma,2020,21995,Manual,4111,Petrol,145,50.4,1
 Kuga,2018,16995,Manual,34690,Diesel,145,60.1,2
 Fiesta,2018,11995,Manual,32168,Petrol,145,65.7,1
 Kuga,2019,19995,Manual,11312,Diesel,145,47.9,2
 Fiesta,2017,8995,Manual,31559,Petrol,145,65.7,1
 Ka+,2017,8295,Manual,23000,Petrol,145,57.7,1.2
 EcoSport,2018,14698,Manual,6442,Petrol,145,54.3,1
 Fiesta,2016,10498,Semi-Auto,29590,Petrol,0,57.7,1
 Focus,2018,14495,Manual,17030,Petrol,145,57.7,1
 Focus,2016,8995,Manual,22493,Petrol,20,60.1,1
 Focus,2016,15995,Manual,29600,Diesel,20,67.3,2
 C-MAX,2016,10995,Semi-Auto,26500,Diesel,125,58.9,2
 Tourneo Custom,2017,19995,Manual,14000,Diesel,200,44.8,2
 C-MAX,2013,8295,Manual,34783,Diesel,30,61.4,1.6
 Focus,2015,7995,Manual,56655,Diesel,20,67.3,1.6
 Kuga,2019,19995,Manual,16000,Diesel,150,47.9,2
 Mondeo,2015,9995,Manual,30753,Diesel,0,78.5,1.5
 Grand C-MAX,2018,13495,Manual,1030,Petrol,145,47.9,1
 C-MAX,2017,12995,Manual,7817,Petrol,145,55.4,1
 Focus,2018,12995,Manual,9781,Petrol,145,60.1,1
 EcoSport,2018,12998,Manual,17241,Petrol,145,54.3,1
 Tourneo Connect,2015,10298,Manual,28309,Diesel,125,58.9,1.6
 Fiesta,2017,10498,Manual,50599,Petrol,0,65.7,1
 Focus,2018,11298,Semi-Auto,37880,Diesel,150,74.3,1.5
 Kuga,2016,10698,Manual,56888,Diesel,125,60.1,2
 Focus,2018,15995,Manual,10500,Petrol,145,60.1,1
 B-MAX,2014,6995,Semi-Auto,50800,Petrol,160,44.1,1.6
 Fiesta,2019,13950,Manual,6700,Petrol,145,58.9,1
 Fiesta,2017,10650,Manual,31800,Petrol,150,65.7,1
 Fiesta,2016,7995,Manual,20700,Petrol,125,54.3,1.2
 Focus,2016,11495,Manual,29900,Diesel,0,74.3,1.5
 Kuga,2018,16995,Manual,32858,Diesel,145,54.3,2
 Fiesta,2018,11995,Manual,31593,Petrol,145,65.7,1
 Focus,2015,10995,Manual,13791,Petrol,125,51.4,1.5
 Kuga,2019,20495,Manual,12034,Diesel,145,47.9,2
 Focus,2018,19995,Manual,10923,Diesel,145,67.3,2
 Kuga,2019,19995,Manual,10171,Diesel,145,38.2,2
 Focus,2016,10995,Manual,30923,Diesel,0,74.3,1.5
 EcoSport,2019,18995,Manual,2291,Petrol,145,52.3,1
 Focus,2017,11995,Manual,23469,Petrol,125,51.4,1.5
 Kuga,2017,16998,Manual,13626,Diesel,125,60.1,2
 Fiesta,2016,7398,Manual,35180,Petrol,125,54.3,1.2
 Fiesta,2019,11498,Manual,17708,Petrol,145,58.9,1
 Fiesta,2019,13998,Manual,9957,Petrol,145,58.9,1
 Focus,2019,16698,Manual,4542,Petrol,145,60.1,1
 Mondeo,2016,9998,Manual,38358,Diesel,0,78.5,1.5
 Focus,2015,12998,Manual,25878,Diesel,20,67.3,2
 EcoSport,2016,9998,Semi-Auto,18325,Petrol,160,44.8,1.5
 Focus,2017,12498,Manual,9338,Petrol,145,60.1,1
 EcoSport,2018,14998,Manual,7133,Diesel,145,58.9,1.5
 Focus,2017,10498,Manual,42002,Petrol,20,60.1,1
 Kuga,2017,16995,Automatic,3700,Petrol,145,38.2,1.5
 Focus,2019,15495,Manual,5600,Petrol,145,60.1,1
 Fiesta,2015,9495,Manual,17288,Petrol,0,65.7,1
 B-MAX,2013,5995,Manual,42996,Diesel,20,70.6,1.6
 Focus,2014,7498,Manual,47566,Petrol,30,56.5,1
 Fiesta,2017,11798,Manual,4262,Petrol,0,65.7,1
 Fiesta,2017,10998,Manual,10125,Petrol,145,65.7,1
 Focus,2017,14998,Automatic,17028,Petrol,150,46.3,1.5
 Fiesta,2017,8998,Manual,12753,Petrol,145,54.3,1.2
 Focus,2016,13998,Manual,24895,Diesel,20,67.3,2
 Focus,2017,17998,Manual,9066,Petrol,145,41.5,2
 Fiesta,2019,18998,Manual,3292,Petrol,145,40.3,1.5
 Kuga,2013,9198,Semi-Auto,48130,Diesel,200,45.6,2
 Kuga,2015,14498,Manual,27513,Diesel,145,54.3,2
 Focus,2017,14998,Manual,32511,Petrol,150,41.5,2
 Fiesta,2016,8498,Manual,21888,Petrol,125,54.3,1.2
 Fiesta,2019,13995,Manual,11130,Petrol,145,58.9,1
 Focus,2017,18498,Manual,14441,Petrol,145,41.5,2
 Focus,2018,13998,Manual,13401,Petrol,145,60.1,1
 Fiesta,2019,12798,Manual,10567,Petrol,145,58.9,1
 Fiesta,2019,14698,Manual,7872,Petrol,145,58.9,1
 Ka+,2017,7698,Manual,10641,Petrol,30,57.7,1.2
 EcoSport,2018,12498,Manual,10222,Petrol,145,54.3,1
 Fiesta,2017,9998,Manual,28519,Petrol,20,62.8,1
 Kuga,2017,13998,Manual,51772,Diesel,125,60.1,2
 Fiesta,2016,9500,Automatic,7350,Petrol,0,57.7,1
 Ka+,2018,8195,Manual,12231,Petrol,145,47.9,1.2
 Kuga,2019,21498,Automatic,5354,Petrol,150,31,1.5
 Focus,2017,17998,Manual,19525,Petrol,145,41.5,2
 EcoSport,2018,14498,Manual,11922,Petrol,145,54.3,1
 C-MAX,2016,9998,Manual,16984,Diesel,20,68.9,1.5
 Fiesta,2016,7998,Manual,16070,Petrol,125,54.3,1.2
 Focus,2018,10998,Manual,26648,Petrol,145,61.4,1
 Fiesta,2017,10998,Manual,19140,Petrol,145,62.8,1
 Focus,2016,9998,Manual,26399,Diesel,0,74.3,1.5
 Fiesta,2013,5498,Manual,53545,Petrol,30,54.3,1.2
 Fiesta,2017,9298,Manual,25491,Petrol,0,65.7,1
 Fiesta,2014,7298,Manual,31359,Petrol,0,65.7,1
 Focus,2016,8498,Manual,51656,Diesel,0,74.3,1.5
 Kuga,2016,17698,Semi-Auto,11221,Diesel,145,54.3,2
 Kuga,2017,14498,Manual,23356,Diesel,145,60.1,2
 EcoSport,2018,12898,Manual,15267,Petrol,145,53.3,1
 B-MAX,2017,7998,Manual,41294,Diesel,0,74.4,1.5
 C-MAX,2018,12198,Manual,7993,Petrol,145,49.6,1
 EcoSport,2017,9698,Manual,30207,Petrol,145,53.3,1
 Fiesta,2016,8798,Manual,19815,Petrol,0,65.7,1
 Kuga,2015,14298,Manual,43717,Diesel,145,54.3,2
 Focus,2018,15798,Manual,4534,Petrol,145,58.9,1
 Fiesta,2017,10298,Manual,9148,Petrol,145,65.7,1
 KA,2014,4898,Manual,22609,Petrol,30,57.7,1.2
 Focus,2016,10298,Manual,15510,Diesel,0,74.3,1.5
 Fiesta,2017,9998,Manual,20347,Petrol,0,65.7,1
 Kuga,2018,16698,Manual,3044,Petrol,145,39.2,1.5
 Fiesta,2017,8998,Manual,5233,Petrol,125,54.3,1.2
 Grand C-MAX,2015,8998,Manual,28359,Diesel,125,60.1,1.6
 Focus,2017,12498,Semi-Auto,12244,Petrol,125,51.4,1
 Fiesta,2018,12498,Manual,17918,Petrol,145,65.7,1
 S-MAX,2020,34498,Semi-Auto,4623,Diesel,145,43.5,2
 EcoSport,2017,9298,Manual,16770,Petrol,145,44.8,1.5
 Focus,2017,10900,Manual,25459,Petrol,145,60.1,1
 EcoSport,2017,9998,Manual,23913,Petrol,125,53.3,1
 Fiesta,2018,12998,Manual,9901,Petrol,150,65.7,1
 Focus,2016,10998,Semi-Auto,15006,Petrol,125,51.4,1
 Focus,2017,15500,Manual,19593,Petrol,145,41.5,2
 Kuga,2017,16200,Semi-Auto,23027,Diesel,145,58.9,1.5
 C-MAX,2016,10500,Semi-Auto,13580,Diesel,20,64.2,1.5
 Focus,2015,13200,Manual,32000,Diesel,20,67.3,2
 Focus,2019,18698,Manual,15365,Petrol,145,60.1,1
 Focus,2019,16998,Manual,7924,Diesel,145,80.7,1.5
 Fiesta,2017,9998,Manual,10721,Petrol,145,65.7,1
 EcoSport,2017,9498,Manual,25939,Petrol,145,53.3,1
 Fiesta,2019,17498,Manual,3265,Petrol,145,58.9,1
 Focus,2019,15998,Automatic,11045,Petrol,145,41.5,1
 EcoSport,2020,17998,Manual,250,Petrol,145,51.4,1
 B-MAX,2013,5698,Manual,44901,Petrol,145,47.1,1.4
 Focus,2017,9998,Manual,22001,Petrol,20,60.1,1
 Fiesta,2020,17298,Manual,4563,Petrol,145,54.3,1
 Fiesta,2019,16998,Manual,12236,Petrol,145,55.4,1
 Kuga,2019,23998,Manual,7584,Diesel,145,39.2,2
 Fiesta,2013,6498,Manual,41599,Petrol,0,65.7,1
 Grand C-MAX,2017,12498,Manual,10373,Petrol,145,54.3,1
 Fiesta,2013,4998,Manual,79300,Petrol,0,65.7,1
 C-MAX,2017,11498,Manual,12982,Petrol,30,55.4,1
 Focus,2017,11298,Manual,24386,Diesel,0,74.3,1.5
 EcoSport,2017,9298,Manual,18209,Diesel,30,64.2,1.5
 EcoSport,2018,12998,Manual,9796,Petrol,145,54.3,1
 Fiesta,2018,14498,Manual,9428,Petrol,145,62.8,1
 Galaxy,2016,18498,Manual,30528,Diesel,125,56.5,2
 C-MAX,2016,8498,Manual,41772,Petrol,30,55.4,1
 Fiesta,2015,8298,Manual,15673,Petrol,0,65.7,1
 Focus,2015,8498,Manual,47219,Diesel,0,74.3,1.5
 Focus,2018,12998,Manual,16081,Petrol,150,57.7,1
 Focus,2019,16998,Manual,10476,Petrol,145,60.1,1
 Fiesta,2016,9998,Manual,16647,Petrol,0,65.7,1
 Kuga,2017,13698,Manual,41457,Diesel,150,54.3,2
 Focus,2017,13998,Semi-Auto,4735,Petrol,125,51.4,1
 EcoSport,2016,9498,Manual,24045,Petrol,125,53.3,1
 EcoSport,2019,15984,Manual,6500,Petrol,145,51.4,1
 EcoSport,2017,8489,Manual,60190,Petrol,160,44.8,1.5
 Fiesta,2017,9995,Manual,27000,Diesel,0,78.5,1.5
 Fiesta,2017,8498,Manual,32538,Petrol,0,65.7,1
 Kuga,2016,13498,Manual,36345,Diesel,150,54.3,2
 Focus,2016,8998,Manual,43623,Petrol,20,61.4,1
 Kuga,2013,9998,Semi-Auto,58500,Diesel,200,45.6,2
 Kuga,2017,17498,Manual,15729,Diesel,145,54.3,2
 Fiesta,2018,9998,Manual,7892,Petrol,145,65.7,1
 Fiesta,2017,11990,Manual,24725,Petrol,145,47.9,1.6
 Focus,2019,16899,Manual,7000,Diesel,145,80.7,1.5
 EcoSport,2019,15984,Manual,3500,Petrol,145,51.4,1
 EcoSport,2019,15984,Manual,4500,Petrol,145,51.4,1
 EcoSport,2019,15984,Manual,4000,Petrol,145,51.4,1
 EcoSport,2019,13998,Manual,4889,Diesel,145,68.9,1.5
 Kuga,2017,17994,Manual,20633,Diesel,150,54.3,2
 Galaxy,2016,17489,Semi-Auto,47937,Diesel,165,51.4,2
 Kuga,2018,19899,Semi-Auto,28500,Diesel,145,54.3,2
 Fiesta,2014,4699,Manual,85000,Petrol,30,54.3,1.2
 EcoSport,2017,9949,Manual,23000,Petrol,125,53.3,1
 C-MAX,2017,11498,Manual,9995,Petrol,145,55.4,1
 C-MAX,2017,10898,Manual,12626,Petrol,30,55.4,1
 C-MAX,2018,12998,Manual,7320,Petrol,145,55.4,1
 C-MAX,2019,13498,Manual,23394,Petrol,145,48.7,1
 C-MAX,2017,9998,Manual,12932,Diesel,20,68.9,1.5
 Focus,2019,18998,Automatic,22246,Diesel,150,64.2,2
 Fiesta,2019,11798,Manual,5530,Petrol,150,48.7,1.1
 Fiesta,2019,11798,Manual,4590,Petrol,150,48.7,1.1
 Fiesta,2017,8498,Manual,28479,Petrol,0,65.7,1
 Kuga,2013,8998,Manual,67895,Diesel,200,47.9,2
 Focus,2019,14799,Manual,6249,Petrol,145,60.1,1
 Focus,2019,14799,Manual,8560,Petrol,145,60.1,1
 Mustang,2020,42489,Automatic,3500,Petrol,145,22.1,5
 Kuga,2017,17498,Manual,9940,Petrol,145,45.6,1.5
 Focus,2019,16498,Manual,4930,Petrol,145,60.1,1
 Focus,2018,19698,Manual,12011,Petrol,145,41.5,2
 Fiesta,2016,8498,Manual,23053,Petrol,125,54.3,1.2
 Focus,2016,16998,Manual,17589,Petrol,200,41.5,2
 Focus,2019,14998,Manual,7000,Petrol,145,58.9,1
 Grand Tourneo Connect,2019,19999,Manual,3500,Diesel,145,61.4,1.5
 Kuga,2019,20999,Automatic,5500,Diesel,145,47.9,2
 Focus,2019,14998,Manual,7000,Petrol,145,60.1,1
 Focus,2019,14998,Manual,7000,Petrol,145,58.9,1
 EcoSport,2019,13998,Manual,5000,Diesel,145,68.9,1.5
 Kuga,2017,13898,Manual,33026,Diesel,145,60.1,2
 Fiesta,2016,11498,Manual,8560,Petrol,0,65.7,1
 Focus,2018,19698,Manual,16548,Petrol,145,41.5,2
 Focus,2017,10498,Manual,49485,Diesel,0,74.3,1.5
 Mondeo,2017,17498,Semi-Auto,14569,Diesel,145,53.3,2
 Kuga,2015,12498,Manual,60151,Diesel,145,54.3,2
 Focus,2017,11498,Manual,9148,Petrol,145,61.4,1
 Fiesta,2017,10998,Manual,13548,Petrol,0,65.7,1
 Mondeo,2019,22998,Automatic,7337,Hybrid,140,47.1,2
 Fiesta,2015,8498,Manual,6649,Petrol,125,54.3,1.2
 Focus,2017,11998,Manual,7690,Petrol,150,60.1,1
 Fiesta,2019,11898,Manual,3396,Petrol,150,48.7,1.1
 Fiesta,2019,11498,Manual,15766,Petrol,145,58.9,1
 Fiesta,2019,13298,Manual,7349,Petrol,145,58.9,1
 C-MAX,2016,9698,Manual,36860,Diesel,20,68.9,1.5
 EcoSport,2018,10498,Manual,59498,Diesel,145,68.9,1.5
 Kuga,2015,10998,Manual,17367,Diesel,125,60.1,2
 Fiesta,2017,9598,Manual,14403,Petrol,145,64.2,1.1
 Focus,2019,16998,Manual,20647,Petrol,145,60.1,1
 Fiesta,2019,13498,Manual,13351,Petrol,145,58.9,1
 Fiesta,2016,6998,Manual,34804,Petrol,125,54.3,1.2
 Kuga,2017,15498,Manual,38113,Diesel,125,60.1,2
 Fiesta,2018,9949,Manual,27399,Petrol,145,64.2,1.1
 C-MAX,2018,12998,Manual,2455,Diesel,145,68.9,1.5
 Edge,2016,20799,Automatic,52000,Diesel,200,47.9,2
 Mustang,2020,38489,Automatic,3500,Petrol,145,30.7,2.3
 Fiesta,2018,9489,Manual,35417,Petrol,145,64.2,1.1
 Fiesta,2019,13949,Semi-Auto,11982,Petrol,145,48.7,1
 Fiesta,2018,10990,Manual,28138,Petrol,145,56.5,1
 Kuga,2017,13489,Manual,34805,Diesel,145,54.3,2
 Focus,2015,7994,Manual,64612,Diesel,20,67.3,1.6
 Fiesta,2018,11489,Manual,19665,Petrol,145,60.1,1
 Kuga,2018,15699,Manual,17500,Diesel,150,64.2,1.5
 Focus,2020,19998,Manual,4000,Diesel,145,74.3,1.5
 Focus,2020,19489,Manual,5000,Diesel,145,74.3,1.5
 Focus,2019,14998,Manual,7000,Petrol,145,58.9,1
 EcoSport,2016,9199,Manual,26445,Diesel,30,64.2,1.5
 C-MAX,2017,10489,Manual,26445,Diesel,20,68.9,1.5
 EcoSport,2018,11489,Manual,2922,Diesel,145,64.2,1.5
 Mustang,2018,29998,Automatic,3000,Petrol,145,28.8,2.3
 Mustang,2018,31498,Automatic,6250,Petrol,145,23.5,5
 Focus,2018,11999,Manual,6691,Petrol,145,61.4,1
 Grand Tourneo Connect,2018,15990,Automatic,9486,Diesel,145,56.6,1.5
 Focus,2019,16998,Automatic,8703,Petrol,145,40.9,1.5
 EcoSport,2019,15489,Manual,5636,Diesel,145,68.9,1.5
 S-MAX,2019,22489,Manual,8224,Diesel,145,56.5,2
 S-MAX,2019,22489,Manual,4000,Diesel,145,56.5,2
 Fiesta,2015,5998,Manual,55898,Diesel,0,78.5,1.5
 Focus,2017,10998,Manual,28001,Petrol,145,60.1,1
 Kuga,2014,11498,Manual,36052,Diesel,160,47.9,2
 Mustang,2016,24999,Semi-Auto,42086,Petrol,570,23.5,5
 Kuga,2017,15298,Manual,34673,Diesel,125,60.1,2
 Edge,2018,19498,Manual,22068,Diesel,145,48.7,2
 Focus,2019,16998,Manual,19936,Petrol,145,60.1,1
 Grand Tourneo Connect,2017,13998,Manual,4856,Diesel,145,61.4,1.5
 B-MAX,2017,11298,Semi-Auto,1397,Petrol,165,44.1,1.6
 Focus,2017,13398,Automatic,21649,Petrol,145,46.3,1.5
 Focus,2017,17798,Manual,10345,Petrol,145,41.5,2
 Kuga,2018,14998,Manual,14960,Diesel,145,64.2,1.5
 Focus,2015,13998,Manual,35689,Petrol,205,41.5,2
 EcoSport,2017,9189,Manual,31998,Petrol,145,44.8,1.5
 Fiesta,2018,10399,Manual,7200,Petrol,145,65.7,1
 Edge,2017,23899,Automatic,27146,Diesel,145,47.9,2
 Fiesta,2013,5330,Manual,66937,Petrol,30,54.3,1.2
 EcoSport,2019,15985,Manual,5099,Petrol,145,51.4,1
 Fiesta,2015,7485,Manual,11092,Petrol,125,54.3,1.2
 Kuga,2019,21999,Automatic,6000,Petrol,145,29.1,1.5
 Fiesta,2017,10850,Manual,23634,Petrol,150,65.7,1
 Kuga,2019,23250,Semi-Auto,9931,Diesel,145,38.7,2
 Fiesta,2016,7999,Manual,22633,Petrol,0,65.7,1
 Ka+,2018,7999,Manual,9355,Petrol,145,57.7,1.2
 Kuga,2013,7999,Manual,78170,Diesel,200,47.9,2
 Focus,2016,9699,Manual,13480,Petrol,20,60.1,1
 Mustang,2019,39998,Automatic,5000,Petrol,145,22.6,5
 Fiesta,2017,8500,Manual,15060,Petrol,125,54.3,1.2
 Fiesta,2016,9998,Manual,18912,Petrol,0,65.7,1
 Focus,2019,15995,Manual,6992,Petrol,145,60.1,1
 Fiesta,2017,11495,Manual,17766,Petrol,145,65.7,1
 Fiesta,2019,14698,Manual,8725,Petrol,145,58.9,1
 Fiesta,2016,9998,Manual,6820,Petrol,0,65.7,1
 Kuga,2013,9498,Manual,29326,Diesel,200,47.9,2
 Fiesta,2017,10698,Semi-Auto,11235,Petrol,0,57.7,1
 Kuga,2016,13499,Manual,38687,Diesel,145,54.3,2
 Kuga,2017,15999,Manual,15005,Diesel,145,54.3,2
 Kuga,2017,17299,Manual,14224,Diesel,145,54.3,2
 Focus,2019,14198,Manual,20205,Petrol,150,58.9,1
 EcoSport,2016,10898,Manual,13093,Petrol,125,52.3,1
 Fiesta,2019,17298,Semi-Auto,1434,Petrol,150,48.7,1
 B-MAX,2013,5998,Semi-Auto,44582,Petrol,165,44.1,1.6
 Mondeo,2015,9998,Manual,55621,Diesel,30,64.2,2
 Ka+,2017,6998,Manual,21203,Petrol,30,57.7,1.2
 Focus,2017,16698,Manual,24498,Diesel,145,67.3,2
 Focus,2018,17298,Manual,3124,Petrol,145,60.1,1
 Kuga,2017,15498,Manual,31073,Diesel,125,60.1,2
 Kuga,2017,14298,Manual,6345,Diesel,145,54.3,2
 C-MAX,2016,9998,Manual,26138,Diesel,20,68.9,1.5
 Kuga,2019,22998,Manual,593,Diesel,145,47.9,2
 Focus,2018,11598,Manual,11654,Petrol,145,61.4,1
 Fiesta,2018,10498,Manual,17532,Petrol,145,65.7,1
 EcoSport,2017,8698,Manual,36124,Petrol,160,44.8,1.5
 Focus,2017,17498,Manual,13558,Petrol,200,41.5,2
 EcoSport,2018,12499,Manual,13000,Diesel,145,67.3,1.5
 Ka+,2018,9250,Manual,7812,Petrol,145,47.9,1.2
 Focus,2017,16250,Manual,28113,Diesel,145,67.3,2
 EcoSport,2017,9999,Manual,24130,Petrol,150,52.3,1
 Focus,2017,10999,Manual,23973,Petrol,150,60.1,1
 Kuga,2019,18494,Manual,11858,Diesel,145,38.2,2
 Fiesta,2019,13489,Semi-Auto,26799,Petrol,145,48.7,1
 Fiesta,2014,6995,Manual,35084,Petrol,0,65.7,1
 Fiesta,2018,11995,Manual,12080,Petrol,150,65.7,1
 Fiesta,2017,10498,Manual,9621,Petrol,145,65.7,1
 Focus,2017,11300,Manual,13300,Petrol,145,60.1,1
 Fiesta,2018,11800,Manual,14024,Petrol,145,62.8,1
 Focus,2017,10800,Manual,17668,Petrol,145,60.1,1
 Fiesta,2016,8300,Manual,43121,Petrol,0,65.7,1
 Focus,2018,18499,Manual,14682,Petrol,145,41.5,2
 Focus,2014,6800,Manual,53500,Petrol,30,56.5,1
 Kuga,2018,17000,Manual,15513,Petrol,145,45.6,1.5
 Fiesta,2017,8998,Manual,16701,Diesel,0,78.5,1.5
 Fiesta,2014,5698,Manual,51892,Petrol,30,54.3,1.2
 EcoSport,2017,8998,Manual,20648,Petrol,160,44.8,1.5
 Kuga,2016,14998,Manual,38206,Diesel,145,54.3,2
 Kuga,2017,18500,Manual,13692,Diesel,145,54.3,2
 Kuga,2019,19298,Manual,12287,Petrol,145,39.2,1.5
 Kuga,2014,10798,Manual,49989,Diesel,160,47.9,2
 Focus,2019,15998,Manual,12699,Petrol,145,60.1,1
 Fiesta,2015,7298,Manual,36700,Petrol,0,65.7,1
 EcoSport,2017,10298,Manual,25013,Petrol,150,53.3,1
 Fiesta,2017,10698,Manual,16505,Petrol,0,65.7,1
 Fiesta,2019,13998,Manual,5887,Petrol,145,58.9,1
 Kuga,2013,8298,Manual,63508,Diesel,145,53.3,2
 Focus,2016,8998,Manual,36087,Diesel,0,74.3,1.5
 C-MAX,2016,11298,Manual,11117,Petrol,30,55.4,1
 Grand C-MAX,2016,10498,Manual,17197,Diesel,30,64.2,1.5
 Kuga,2013,8995,Manual,54000,Diesel,145,53.3,2
 Fiesta,2015,7895,Manual,27541,Petrol,0,65.7,1
 Focus,2018,18390,Manual,14682,Petrol,145,41.5,2
 Ka+,2018,7795,Manual,9662,Petrol,145,57.7,1.2
 Focus,2017,10795,Manual,22727,Petrol,20,60.1,1
 Focus,2019,18298,Automatic,6269,Diesel,145,74.3,1.5
 B-MAX,2015,7698,Manual,9708,Diesel,20,70.6,1.6
 Kuga,2017,17698,Manual,18075,Diesel,145,54.3,2
 Kuga,2017,16998,Manual,24885,Diesel,145,54.3,2
 C-MAX,2018,12698,Manual,3074,Petrol,145,55.4,1
 Fiesta,2016,10698,Manual,22141,Diesel,0,78.5,1.5
 Kuga,2013,9998,Semi-Auto,43938,Diesel,205,45.6,2
 Kuga,2017,14498,Manual,6038,Diesel,150,54.3,2
 Fiesta,2017,8998,Manual,20277,Petrol,0,65.7,1
 C-MAX,2017,11998,Manual,15297,Diesel,20,68.9,1.5
 Focus,2019,14000,Manual,11426,Petrol,150,58.9,1
 EcoSport,2019,16250,Manual,2951,Petrol,150,52.3,1
 Fiesta,2017,9700,Manual,28186,Petrol,0,65.7,1
 Kuga,2013,9998,Manual,38629,Petrol,200,42.8,1.6
 Grand C-MAX,2017,10998,Manual,14161,Diesel,30,64.2,1.5
 Galaxy,2016,15498,Manual,27716,Diesel,125,56.5,2
 B-MAX,2013,5489,Manual,41144,Diesel,20,68.9,1.5
 Kuga,2019,18999,Manual,9695,Diesel,145,54.3,1.5
 Fiesta,2016,8449,Manual,79125,Petrol,145,47.9,1.6
 C-MAX,2016,8699,Manual,46040,Diesel,30,61.4,1.6
 C-MAX,2017,10489,Manual,37972,Diesel,20,68.9,1.5
 Kuga,2017,12489,Manual,36394,Diesel,145,64.2,1.5
 Kuga,2017,13698,Manual,78636,Diesel,145,64.2,1.5
 Focus,2018,18498,Manual,21167,Diesel,145,67.3,2
 B-MAX,2015,7298,Manual,36140,Diesel,0,74.4,1.5
 Focus,2017,9998,Manual,13861,Petrol,145,60.1,1
 Kuga,2017,17498,Manual,22439,Diesel,145,54.3,2
 S-MAX,2017,18999,Manual,42500,Diesel,125,51.4,2
 EcoSport,2017,9489,Manual,29500,Petrol,145,52.3,1
 Edge,2017,20994,Automatic,41000,Diesel,145,48.7,2
 C-MAX,2018,11998,Manual,6484,Diesel,145,68.9,1.5
 Fiesta,2014,6250,Manual,39223,Petrol,30,54.3,1.2
 Fiesta,2014,5950,Manual,64327,Diesel,0,76.4,1.5
 Focus,2017,10900,Manual,13338,Diesel,0,74.3,1.5
 Focus,2017,11200,Manual,15121,Petrol,20,58.9,1
 Focus,2017,9250,Manual,38541,Petrol,20,60.1,1
 Fiesta,2018,10300,Manual,9542,Petrol,145,65.7,1
 C-MAX,2019,13000,Manual,3629,Petrol,145,49.6,1
 Focus,2016,7000,Manual,82616,Diesel,0,74.3,1.5
 Fiesta,2015,9200,Manual,21261,Petrol,0,65.7,1
 S-MAX,2019,24995,Manual,10023,Diesel,150,54.3,2
 Fiesta,2016,8298,Manual,22919,Petrol,0,65.7,1
 C-MAX,2017,9298,Manual,41697,Diesel,20,68.9,1.5
 Focus,2019,16698,Manual,18697,Petrol,145,60.1,1
 Focus,2019,23698,Manual,5003,Diesel,145,70.6,2
 Focus,2019,20398,Manual,6233,Diesel,145,74.3,1.5
 Fiesta,2016,9698,Manual,19884,Petrol,0,65.7,1
 Kuga,2018,17998,Manual,13734,Petrol,145,39.2,1.5
 Fiesta,2019,13698,Manual,12232,Petrol,145,58.9,1
 Focus,2016,9998,Manual,21243,Petrol,20,60.1,1
 Fiesta,2016,7298,Manual,31107,Petrol,125,54.3,1.2
 Focus,2013,5698,Manual,64292,Diesel,20,67.3,1.6
 Kuga,2014,8998,Manual,68055,Diesel,150,53.3,2
 Fiesta,2018,12998,Manual,23200,Petrol,150,65.7,1
 Mondeo,2016,12498,Manual,25800,Diesel,30,64.2,2
 Tourneo Custom,2019,20990,Manual,5100,Diesel,145,31.7,2
 Tourneo Custom,2019,29999,Manual,100,Diesel,145,30.1,2
 EcoSport,2019,15489,Manual,5636,Diesel,145,68.9,1.5
 Focus,2019,15998,Manual,4500,Diesel,145,80.7,1.5
 Grand Tourneo Connect,2019,19999,Manual,3500,Diesel,145,61.4,1.5
 Focus,2016,8489,Manual,61379,Diesel,0,74.3,1.5
 Fiesta,2018,9490,Manual,3012,Petrol,145,55.4,1.1
 Focus,2017,12490,Manual,11292,Petrol,125,51.4,1.5
 Ka+,2017,6490,Manual,19285,Petrol,150,57.7,1.2
 Focus,2016,14790,Manual,33352,Petrol,205,41.5,2
 Focus,2017,12498,Manual,17998,Diesel,0,74.3,1.5
 Focus,2018,18998,Manual,11578,Diesel,150,67.3,2
 Focus,2015,9598,Manual,29577,Diesel,20,67.3,1.6
 Focus,2017,10498,Manual,27704,Diesel,145,74.3,1.5
 Fiesta,2015,7998,Manual,19001,Petrol,125,54.3,1.2
 Grand C-MAX,2016,9998,Manual,39460,Diesel,30,64.2,1.5
 Focus,2019,16250,Manual,13325,Diesel,145,74.3,1.5
 Focus,2019,18450,Automatic,14464,Diesel,145,54.3,1.5
 Focus,2018,9950,Manual,19223,Petrol,145,61.4,1
 Ka+,2019,9950,Manual,906,Petrol,145,43.5,1.2
 Ka+,2019,9950,Manual,2520,Petrol,145,43.5,1.2
 Ka+,2019,9950,Manual,1196,Petrol,145,43.5,1.2
 Fiesta,2015,8498,Manual,19429,Petrol,0,65.7,1
 B-MAX,2014,5998,Manual,69078,Petrol,30,57.7,1
 EcoSport,2017,9998,Manual,37560,Petrol,145,53.3,1
 Focus,2016,9998,Manual,3155,Petrol,20,61.4,1
 Focus,2019,16998,Manual,14206,Petrol,150,60.1,1
 Focus,2017,16998,Automatic,30393,Diesel,145,61.4,2
 Kuga,2014,11198,Manual,41711,Diesel,145,53.3,2
 Focus,2019,14498,Manual,14316,Diesel,150,80.7,1.5
 Fiesta,2016,7998,Manual,21456,Petrol,125,54.3,1.2
 Fiesta,2016,9998,Manual,20682,Petrol,0,65.7,1
 Focus,2019,17998,Manual,12027,Diesel,145,74.3,1.5
 B-MAX,2014,6498,Manual,36727,Diesel,20,70.6,1.6
 Kuga,2019,19998,Automatic,8757,Petrol,145,28.8,1.5
 EcoSport,2016,8698,Manual,28670,Diesel,30,64.2,1.5
 Fiesta,2017,10698,Manual,21041,Diesel,0,78.5,1.5
 EcoSport,2018,13698,Manual,4223,Petrol,145,54.3,1
 Fiesta,2019,13498,Manual,9007,Petrol,145,58.9,1
 Fiesta,2016,8498,Manual,11457,Petrol,125,54.3,1.2
 Fiesta,2014,6298,Manual,39944,Petrol,30,54.3,1.2
 Fiesta,2019,11698,Manual,3578,Petrol,150,48.7,1.1
 Kuga,2017,13998,Manual,21167,Diesel,150,54.3,2
 Fiesta,2016,8498,Semi-Auto,31976,Petrol,145,47.9,1.6
 Focus,2018,13998,Manual,10149,Petrol,145,57.7,1
 S-MAX,2016,14498,Manual,50364,Diesel,125,56.5,2
 Fiesta,2018,11950,Manual,16678,Petrol,145,58.9,1
 Fiesta,2019,11395,Manual,1394,Petrol,145,55.4,1.1
 Grand Tourneo Connect,2018,15990,Automatic,9486,Diesel,145,56.6,1.5
 Fiesta,2018,10990,Manual,28138,Petrol,145,56.5,1
 Kuga,2019,18489,Manual,10351,Diesel,145,54.3,1.5
 EcoSport,2017,9489,Manual,29500,Petrol,145,52.3,1
 Fiesta,2017,9795,Manual,4162,Diesel,0,78.5,1.5
 Kuga,2017,15995,Manual,23237,Diesel,125,60.1,2
 Kuga,2019,18495,Manual,7959,Diesel,145,38.2,2
 Focus,2018,11995,Manual,10553,Diesel,145,74.3,1.5
 Fiesta,2018,9998,Manual,23112,Petrol,145,65.7,1
 Fiesta,2019,14998,Manual,7953,Petrol,145,60.1,1
 Fiesta,2015,8000,Manual,14422,Petrol,125,54.3,1.2
 Focus,2017,18498,Semi-Auto,21183,Diesel,145,61.4,2
 Fiesta,2016,7998,Manual,21446,Petrol,125,54.3,1.2
 Fiesta,2019,12498,Manual,7941,Petrol,145,58.9,1
 Focus,2016,8498,Manual,45256,Petrol,20,60.1,1
 Fiesta,2013,5298,Manual,54545,Petrol,0,65.7,1
 Focus,2017,9998,Manual,28761,Petrol,20,60.1,1
 C-MAX,2014,7498,Manual,31343,Petrol,30,55.4,1
 Kuga,2017,15998,Manual,24896,Diesel,125,60.1,2
 Focus,2017,16998,Manual,45854,Petrol,150,41.5,2
 Fiesta,2017,8698,Manual,18775,Petrol,125,54.3,1.2
 Focus,2019,15998,Manual,10386,Petrol,145,49.6,1
 Fiesta,2017,8998,Manual,20507,Petrol,125,54.3,1.2
 Focus,2017,9998,Semi-Auto,32384,Petrol,125,51.4,1
 Fiesta,2019,10698,Manual,10786,Petrol,145,55.4,1.1
 Kuga,2020,20450,Manual,1196,Diesel,150,38.2,2
 C-MAX,2017,11495,Manual,39254,Diesel,150,68.9,1.5
 C-MAX,2017,9750,Manual,30157,Diesel,20,68.9,1.5
 Kuga,2019,18495,Manual,11859,Diesel,145,54.3,1.5
 Grand C-MAX,2019,14950,Manual,9693,Diesel,145,57.7,1.5
 Kuga,2018,17295,Manual,11723,Diesel,145,64.2,1.5
 Focus,2019,16250,Manual,11027,Diesel,145,74.3,1.5
 KA,2015,4998,Manual,28322,Petrol,30,57.7,1.2
 Fiesta,2017,8698,Manual,23833,Petrol,0,65.7,1
 Fiesta,2017,11298,Manual,13775,Petrol,145,65.7,1
 Focus,2017,10898,Manual,14050,Petrol,145,60.1,1
 Kuga,2014,11698,Manual,34088,Diesel,160,47.9,2
 B-MAX,2014,5998,Manual,52565,Petrol,30,55.4,1
 Fiesta,2017,9998,Semi-Auto,16517,Petrol,145,47.9,1.6
 Tourneo Connect,2019,19998,Manual,4605,Diesel,145,61.4,1.5
 Focus,2019,14998,Manual,12078,Petrol,145,58.9,1
 Grand C-MAX,2014,6998,Manual,45460,Diesel,125,60.1,1.6
 EcoSport,2016,10498,Semi-Auto,24963,Petrol,160,44.8,1.5
 Focus,2015,12298,Manual,51103,Petrol,240,39.2,2
 Kuga,2015,9498,Manual,63863,Diesel,145,54.3,2
 Kuga,2016,11990,Semi-Auto,55145,Diesel,145,52.3,2
 Fiesta,2017,7490,Manual,28842,Petrol,0,65.7,1
 Fiesta,2019,13698,Manual,11060,Petrol,145,58.9,1
 Focus,2017,10498,Manual,39539,Petrol,20,60.1,1
 EcoSport,2017,10798,Semi-Auto,3652,Petrol,165,44.8,1.5
 Kuga,2017,15998,Manual,29667,Diesel,125,60.1,2
 Focus,2016,8998,Manual,49080,Diesel,0,74.3,1.5
 Kuga,2015,9298,Manual,61787,Diesel,125,60.1,2
 Grand C-MAX,2017,10698,Manual,29886,Diesel,30,64.2,1.5
 Kuga,2017,17498,Semi-Auto,31098,Diesel,150,54.3,2
 Kuga,2017,13998,Manual,15860,Diesel,150,54.3,2
 Fiesta,2019,14998,Manual,8263,Petrol,145,60.1,1
 Fiesta,2015,8298,Manual,13118,Petrol,0,65.7,1
 Fiesta,2016,9698,Manual,19256,Petrol,0,65.7,1
 Fiesta,2017,7798,Manual,11085,Petrol,125,54.3,1.2
 Focus,2018,13498,Manual,10150,Petrol,145,58.9,1
 Focus,2016,9690,Manual,46176,Diesel,0,74.3,1.5
 Focus,2017,16498,Manual,18506,Diesel,20,67.3,2
 Fiesta,2017,11495,Manual,11476,Petrol,145,65.7,1
 EcoSport,2015,8000,Manual,29681,Petrol,160,44.8,1.5
 Mondeo,2015,11400,Semi-Auto,51581,Diesel,125,57.7,2
 Fiesta,2017,8250,Manual,32994,Petrol,145,64.2,1.1
 Fiesta,2019,10998,Manual,12320,Petrol,145,58.9,1
 EcoSport,2018,12998,Manual,3956,Petrol,145,53.3,1
 Fiesta,2014,6698,Manual,39002,Petrol,0,65.7,1
 Kuga,2018,15998,Manual,10087,Diesel,145,64.2,1.5
 Fiesta,2014,6498,Manual,21284,Petrol,30,54.3,1.2
 Focus,2017,12998,Manual,17307,Diesel,145,74.3,1.5
 Focus,2017,18998,Manual,10222,Petrol,145,41.5,2
 Fiesta,2015,8498,Manual,10801,Petrol,125,54.3,1.2
 Fiesta,2015,6998,Manual,42477,Petrol,30,54.3,1.2
 Kuga,2013,9498,Semi-Auto,64718,Diesel,205,45.6,2
 Fiesta,2019,11698,Manual,3484,Petrol,150,48.7,1.1
 Focus,2019,19300,Manual,2958,Diesel,145,70.6,2
 Focus,2017,16890,Manual,23365,Petrol,145,41.5,2
 Focus,2016,9420,Manual,34214,Diesel,0,74.3,1.5
 Focus,2019,15390,Manual,5341,Petrol,145,60.1,1
 Focus,2019,15370,Manual,6736,Petrol,145,60.1,1
 Focus,2015,9230,Manual,27412,Diesel,0,74.3,1.5
 Ka+,2017,6990,Manual,11203,Petrol,145,57.7,1.2
 Focus,2017,15591,Manual,45400,Diesel,20,67.3,2
 EcoSport,2018,12891,Manual,16156,Petrol,145,54.3,1
 Fiesta,2017,10447,Automatic,8337,Petrol,145,54.3,1
 Kuga,2014,8998,Manual,71854,Diesel,145,53.3,2
 B-MAX,2013,5998,Manual,37058,Petrol,30,55.4,1
 Focus,2017,11998,Manual,28497,Diesel,145,74.3,1.5
 KA,2014,4298,Manual,30658,Petrol,30,57.7,1.2
 Focus,2015,7498,Manual,36462,Petrol,20,60.1,1
 Fiesta,2013,7998,Semi-Auto,22125,Petrol,150,47.9,1.6
 Focus,2016,9498,Manual,18154,Petrol,20,60.1,1
 Kuga,2017,19498,Semi-Auto,23270,Diesel,145,54.3,2
 Kuga,2015,13698,Manual,34332,Diesel,145,54.3,2
 Kuga,2015,11498,Semi-Auto,44123,Diesel,145,52.3,2
 Edge,2017,20498,Manual,29326,Diesel,200,47.9,2
 Kuga,2018,16998,Manual,13737,Diesel,145,64.2,1.5
 Focus,2015,8998,Manual,32492,Diesel,0,74.3,1.5
 Focus,2018,18998,Manual,16312,Diesel,145,67.3,2
 Fiesta,2019,13898,Manual,14698,Petrol,145,58.9,1
 Fiesta,2019,13498,Manual,20388,Petrol,145,58.9,1
 Fiesta,2017,11998,Manual,8966,Petrol,145,65.7,1
 Focus,2015,8298,Manual,56282,Diesel,20,67.3,1.6
 Grand C-MAX,2017,11698,Manual,12124,Diesel,30,64.2,1.5
 Fiesta,2019,14998,Manual,8389,Petrol,145,60.1,1
 Focus,2019,17498,Automatic,11022,Petrol,145,51.4,1
 Focus,2019,17498,Manual,7359,Diesel,145,74.3,1.5
 Focus,2019,16998,Manual,8657,Diesel,145,74.3,1.5
 C-MAX,2017,10498,Manual,19534,Diesel,20,68.9,1.5
 Fiesta,2018,15698,Automatic,921,Petrol,145,49.6,1
 Fiesta,2015,6998,Manual,48938,Diesel,0,78.5,1.5
 Kuga,2017,15498,Manual,7431,Diesel,125,60.1,2
 Focus,2015,8498,Manual,31974,Petrol,20,61.4,1
 EcoSport,2015,7998,Manual,17786,Petrol,160,44.8,1.5
 Fiesta,2014,4698,Manual,52627,Petrol,30,54.3,1.2
 Fiesta,2019,11998,Manual,10970,Petrol,145,58.9,1
 Kuga,2013,10998,Manual,32347,Diesel,200,47.9,2
 Focus,2016,8998,Manual,51324,Diesel,0,74.3,1.5
 Fiesta,2017,9298,Manual,6213,Petrol,125,54.3,1.2
 C-MAX,2016,10998,Manual,27639,Petrol,30,55.4,1
 Fiesta,2013,5298,Manual,64628,Petrol,30,54.3,1.2
 Focus,2016,14498,Manual,16501,Diesel,20,67.3,2
 Fiesta,2015,6798,Manual,37313,Petrol,0,65.7,1
 Fiesta,2014,6998,Manual,33154,Petrol,30,54.3,1.2
 B-MAX,2017,9798,Manual,13163,Petrol,145,55.4,1
 EcoSport,2017,9798,Manual,17593,Petrol,125,52.3,1
 Focus,2015,9698,Manual,13391,Petrol,20,61.4,1
 C-MAX,2017,9498,Manual,31877,Diesel,20,68.9,1.5
 Fiesta,2019,11798,Manual,13783,Petrol,145,58.9,1
 Fiesta,2019,11698,Manual,18115,Petrol,145,58.9,1
 C-MAX,2017,9998,Manual,34980,Petrol,30,55.4,1
 Focus,2015,9698,Manual,30149,Diesel,0,74.3,1.5
 Focus,2017,12698,Manual,9484,Diesel,0,74.3,1.5
 C-MAX,2017,10498,Manual,18250,Diesel,20,68.9,1.5
 Fiesta,2014,7798,Manual,15412,Petrol,0,65.7,1
 Focus,2019,19798,Automatic,4797,Diesel,145,64.2,2
 Focus,2019,19998,Automatic,2451,Diesel,145,64.2,2
 Kuga,2017,16498,Semi-Auto,23224,Diesel,145,58.9,1.5
 Focus,2019,19998,Automatic,6879,Diesel,145,51.4,2
 Kuga,2014,9298,Manual,45543,Diesel,145,53.3,2
 Focus,2019,18298,Automatic,2840,Diesel,145,74.3,1.5
 Fiesta,2018,10998,Manual,10970,Petrol,145,58.9,1
 Grand C-MAX,2017,13498,Manual,8913,Petrol,145,54.3,1
 Focus,2017,12698,Semi-Auto,14876,Petrol,125,51.4,1
 Fiesta,2019,14998,Manual,3002,Petrol,145,60.1,1
 Focus,2018,20998,Manual,5757,Petrol,145,41.5,2
 Fiesta,2016,8998,Manual,12163,Petrol,125,54.3,1.2
 Fiesta,2019,14998,Manual,5721,Petrol,145,60.1,1
 Focus,2016,9998,Manual,27193,Diesel,0,74.3,1.5
 Kuga,2018,15998,Manual,11460,Diesel,145,54.3,1.5
 Mondeo,2016,11298,Semi-Auto,66732,Diesel,125,57.7,2
 Focus,2017,15998,Manual,16290,Diesel,20,67.3,2
 Focus,2016,14498,Manual,32263,Petrol,200,41.5,2
 Fiesta,2018,10998,Manual,16353,Petrol,145,65.7,1
 Focus,2019,18998,Automatic,11738,Diesel,145,64.2,2
 Fiesta,2015,7498,Manual,23764,Petrol,125,54.3,1.2
 Focus,2016,12998,Manual,41484,Diesel,20,67.3,2
 Fiesta,2017,10798,Manual,20241,Petrol,145,65.7,1
 KA,2013,4198,Manual,45880,Petrol,30,57.7,1.2
 Focus,2019,16998,Manual,6092,Petrol,145,49.6,1
 Focus,2017,18998,Manual,11913,Petrol,145,41.5,2
 Focus,2018,19498,Manual,19382,Petrol,145,41.5,2
 Fiesta,2017,11698,Manual,10500,Petrol,0,65.7,1
 Focus,2015,9498,Manual,24717,Petrol,20,60.1,1
 Fiesta,2019,11498,Manual,6158,Petrol,150,48.7,1.1
 Fiesta,2017,10998,Manual,2360,Petrol,150,65.7,1
 Focus,2019,16998,Manual,19322,Petrol,150,60.1,1
 Kuga,2016,16998,Manual,18480,Diesel,150,54.3,2
 Kuga,2014,9298,Manual,52681,Diesel,145,53.3,2
 Fiesta,2014,6998,Manual,29095,Petrol,30,54.3,1.2
 Focus,2016,12698,Manual,7906,Diesel,0,74.3,1.5
 Focus,2015,9498,Manual,22420,Diesel,0,74.3,1.5
 Focus,2015,9798,Manual,18733,Diesel,0,74.3,1.5
 Fiesta,2017,11298,Manual,23358,Petrol,20,62.8,1
 EcoSport,2016,8998,Manual,34769,Petrol,125,53.3,1
 Kuga,2017,12998,Manual,16300,Petrol,160,45.6,1.5
 Focus,2016,16798,Manual,15646,Diesel,20,67.3,2
 C-MAX,2016,9998,Manual,17330,Diesel,20,68.9,1.5
 Fiesta,2016,8198,Manual,23771,Petrol,0,65.7,1
 Fiesta,2017,10698,Manual,6991,Petrol,145,65.7,1
 Focus,2017,10698,Manual,11469,Petrol,20,61.4,1
 Fiesta,2013,4998,Manual,54323,Petrol,30,54.3,1.2
 Mustang,2018,29998,Manual,20847,Petrol,145,20.9,5
 Focus,2014,5998,Manual,62855,Diesel,20,67.3,1.6
 Focus,2019,16498,Manual,2936,Petrol,145,60.1,1
 Fiesta,2016,7498,Manual,41271,Diesel,0,88.3,1.5
 Focus,2017,10498,Manual,24741,Petrol,20,60.1,1
 Grand Tourneo Connect,2018,16298,Automatic,10703,Diesel,145,56.6,1.5
 Kuga,2017,13298,Manual,11563,Diesel,30,64.2,1.5
 Grand C-MAX,2017,10498,Manual,29684,Diesel,30,64.2,1.5
 Fiesta,2016,7298,Manual,20809,Petrol,125,54.3,1.2
 Fiesta,2018,11998,Manual,10320,Petrol,145,56.5,1
 Focus,2018,15498,Manual,14579,Petrol,145,60.1,1
 Ka+,2017,7798,Manual,12392,Petrol,145,57.7,1.2
 Fiesta,2018,10698,Manual,7541,Petrol,145,55.4,1.1
 Grand C-MAX,2017,11498,Manual,6368,Diesel,30,64.2,1.5
 Fiesta,2019,14698,Manual,10032,Petrol,145,58.9,1
 Fiesta,2019,14698,Manual,8438,Petrol,145,58.9,1
 Focus,2018,11498,Manual,27277,Diesel,145,74.3,1.5
 Fiesta,2016,8998,Manual,19882,Petrol,0,65.7,1
 Fiesta,2019,13998,Manual,6432,Petrol,145,58.9,1
 Focus,2015,7498,Manual,55312,Diesel,20,67.3,1.6
 Fiesta,2013,5998,Manual,51348,Petrol,0,65.7,1
 Mondeo,2016,11998,Manual,29964,Diesel,30,65.7,2
 Kuga,2019,19498,Manual,9420,Petrol,145,39.2,1.5
 EcoSport,2017,9591,Manual,21236,Petrol,145,52.3,1
 Fiesta,2019,15450,Manual,5731,Petrol,145,60.1,1
 Focus,2016,7991,Manual,53922,Petrol,20,60.1,1
 Fiesta,2014,6150,Manual,31064,Petrol,30,54.3,1.2
 Ka+,2018,7542,Manual,9880,Petrol,145,57.7,1.2
 Fiesta,2015,7324,Manual,27128,Petrol,0,65.7,1
 Mondeo,2016,11498,Semi-Auto,59601,Diesel,125,57.7,2
 Fiesta,2016,8998,Manual,11813,Diesel,0,78.5,1.5
 EcoSport,2016,8998,Manual,30557,Petrol,125,53.3,1
 Focus,2018,11498,Manual,25464,Petrol,145,60.1,1
 Focus,2019,16498,Manual,13699,Diesel,145,74.3,1.5
 Focus,2019,14798,Manual,12558,Petrol,145,58.9,1
 Fiesta,2019,13798,Manual,9847,Petrol,145,58.9,1
 Focus,2017,10998,Manual,14653,Diesel,0,74.3,1.5
 Focus,2017,11298,Manual,2666,Petrol,20,61.4,1
 Focus,2019,15998,Automatic,9694,Diesel,145,64.2,2
 Fiesta,2019,14998,Manual,7995,Petrol,145,60.1,1
 EcoSport,2016,7498,Manual,48010,Diesel,30,64.2,1.5
 B-MAX,2013,6498,Semi-Auto,33155,Petrol,160,44.1,1.6
 Fiesta,2016,6998,Manual,49010,Diesel,0,78.5,1.5
 Focus,2017,11798,Manual,15417,Diesel,0,74.3,1.5
 Fiesta,2018,12998,Semi-Auto,9917,Petrol,145,54.3,1
 Fiesta,2018,10998,Manual,16658,Petrol,145,65.7,1
 Focus,2017,10498,Manual,28732,Petrol,145,61.4,1
 Focus,2018,13498,Semi-Auto,12619,Petrol,145,51.4,1
 Fiesta,2018,12998,Manual,17096,Petrol,145,58.9,1
 Fiesta,2019,10298,Manual,23309,Petrol,145,55.4,1.1
 Fiesta,2019,12698,Manual,7942,Petrol,145,56.5,1
 Kuga,2017,16498,Semi-Auto,24956,Diesel,145,54.3,2
 Fiesta,2013,6998,Manual,15268,Petrol,30,54.3,1.2
 Fiesta,2019,11698,Manual,14337,Petrol,145,58.9,1
 Fiesta,2019,13998,Manual,17218,Petrol,145,58.9,1
 Focus,2017,16798,Manual,18215,Petrol,145,41.5,2
 Fiesta,2019,11998,Manual,9501,Petrol,145,58.9,1
 Fiesta,2019,13498,Manual,10248,Petrol,145,58.9,1
 Grand C-MAX,2015,8498,Manual,47182,Diesel,30,64.2,1.5
 Fiesta,2017,10998,Manual,19690,Petrol,150,65.7,1
 Focus,2017,11998,Manual,8308,Diesel,0,74.3,1.5
 Focus,2017,12698,Manual,13588,Diesel,0,74.3,1.5
 Focus,2019,18998,Automatic,2411,Petrol,150,42.8,1
 Fiesta,2015,6798,Manual,30299,Petrol,125,54.3,1.2
 Kuga,2015,9698,Manual,37203,Diesel,125,60.1,2
 Focus,2019,17498,Manual,11184,Petrol,145,60.1,1
 Fiesta,2013,5998,Manual,50052,Petrol,30,54.3,1.2
 Fiesta,2017,8498,Manual,6721,Petrol,125,54.3,1.2
 Focus,2018,20498,Manual,10249,Petrol,145,41.5,2
 Focus,2016,9598,Manual,20340,Diesel,0,74.3,1.5
 Fiesta,2019,13898,Manual,7845,Petrol,145,58.9,1
 Focus,2014,8298,Manual,32541,Diesel,20,67.3,1.6
 Focus,2016,10298,Manual,34211,Petrol,20,60.1,1
 Focus,2018,13998,Manual,9328,Petrol,145,58.9,1
 Kuga,2016,11798,Semi-Auto,15075,Diesel,150,52.3,2
 Fiesta,2017,10598,Manual,11544,Petrol,145,65.7,1
 Focus,2017,11998,Manual,10474,Diesel,0,74.3,1.5
 Focus,2019,25498,Manual,4813,Petrol,145,34.5,2.3
 Fiesta,2019,11998,Manual,14358,Petrol,145,58.9,1
 Fiesta,2019,13998,Manual,7512,Petrol,145,58.9,1
 Focus,2017,17298,Manual,16346,Petrol,145,41.5,2
 Fiesta,2015,7498,Manual,34362,Petrol,125,54.3,1.2
 Fiesta,2019,11798,Manual,12286,Petrol,145,58.9,1
 Fiesta,2019,11798,Manual,14068,Petrol,145,58.9,1
 Fiesta,2018,10698,Manual,14523,Petrol,145,65.7,1
 Focus,2013,6298,Manual,37966,Petrol,30,56.5,1
 Focus,2015,6998,Manual,76588,Diesel,0,74.3,1.5
 Fiesta,2016,7698,Manual,40480,Petrol,0,65.7,1
 Fiesta,2017,10698,Manual,23494,Petrol,150,62.8,1
 Fiesta,2018,9998,Manual,8608,Petrol,145,55.4,1.1
 S-MAX,2017,16498,Manual,33758,Diesel,125,56.5,2
 Kuga,2017,15500,Manual,30878,Diesel,145,60.1,2
 EcoSport,2015,7900,Manual,26000,Petrol,160,44.8,1.5
 Fiesta,2018,10998,Manual,22410,Petrol,145,56.5,1
 Fiesta,2015,7498,Manual,25506,Petrol,0,65.7,1
 Fiesta,2017,10498,Manual,22788,Petrol,145,65.7,1
 Fiesta,2018,10998,Manual,21955,Petrol,145,56.5,1
 Fiesta,2019,14998,Manual,8783,Petrol,145,55.4,1
 Fiesta,2014,5998,Manual,43539,Petrol,30,54.3,1.2
 Focus,2016,10420,Manual,18913,Petrol,20,60.1,1
 Focus,2017,17630,Manual,25526,Petrol,145,41.5,2
 Fiesta,2013,6698,Manual,27783,Diesel,0,76.4,1.5
 Kuga,2017,16998,Manual,19170,Diesel,145,60.1,2
 Fiesta,2014,6495,Manual,54249,Petrol,30,54.3,1.2
 Kuga,2019,18995,Semi-Auto,4274,Diesel,145,37.2,2
 Kuga,2015,9498,Manual,65151,Diesel,145,54.3,2
 C-MAX,2013,6498,Manual,45536,Diesel,30,62.8,1.6
 Focus,2017,11998,Semi-Auto,18978,Diesel,0,74.3,1.5
 Fiesta,2019,11498,Manual,14132,Petrol,145,58.9,1
 Kuga,2014,9498,Manual,59114,Diesel,200,47.9,2
 Ka+,2017,6999,Manual,11504,Petrol,145,57.7,1.2
 Fiesta,2016,6950,Manual,27098,Petrol,125,54.3,1.2
 EcoSport,2016,7995,Manual,31146,Diesel,30,64.2,1.5
 Fiesta,2017,7695,Manual,12868,Petrol,125,54.3,1.2
 EcoSport,2018,11795,Manual,32356,Diesel,145,64.2,1.5
 Fiesta,2014,5698,Manual,52395,Petrol,30,54.3,1.2
 Fiesta,2014,6698,Manual,45067,Petrol,0,65.7,1
 Fiesta,2016,7998,Manual,21715,Petrol,125,54.3,1.2
 Ka+,2017,7998,Manual,5668,Petrol,145,57.7,1.2
 Kuga,2017,15998,Semi-Auto,26663,Diesel,145,54.3,2
 Focus,2017,9498,Manual,35850,Petrol,20,61.4,1
 Fiesta,2015,6498,Manual,39167,Petrol,0,65.7,1
 Kuga,2015,8998,Manual,61270,Diesel,145,54.3,2
 C-MAX,2015,7798,Manual,35901,Petrol,160,44.1,1.6
 Mondeo,2016,10698,Manual,64351,Diesel,30,62.8,2
 Fiesta,2017,8498,Manual,21302,Petrol,125,54.3,1.2
 Kuga,2013,9798,Manual,39432,Diesel,145,53.3,2
 Fiesta,2015,6498,Manual,46857,Petrol,125,54.3,1.2
 Ka+,2017,7998,Manual,6276,Petrol,145,57.7,1.2
 Kuga,2013,8798,Manual,50216,Diesel,145,53.3,2
 Focus,2017,15798,Manual,27532,Diesel,145,67.3,2
 Fiesta,2018,9698,Manual,11783,Petrol,150,64.2,1.1
 Focus,2018,14000,Manual,12090,Petrol,145,58.9,1
 EcoSport,2018,13998,Manual,18980,Petrol,145,52.3,1
 Fiesta,2018,11250,Manual,15634,Petrol,145,60.1,1
 Fiesta,2015,8326,Manual,25604,Petrol,0,65.7,1
 Fiesta,2014,6672,Manual,29123,Petrol,30,54.3,1.2
 Ka+,2017,7800,Manual,3194,Petrol,150,57.7,1.2
 Focus,2016,9000,Manual,19130,Petrol,20,61.4,1
 Focus,2018,12993,Manual,19135,Petrol,145,57.7,1
 EcoSport,2017,8742,Manual,38275,Petrol,125,52.3,1
 Focus,2013,6477,Manual,41250,Petrol,30,56.5,1
 Kuga,2019,20998,Manual,100,Petrol,150,35.3,1.5
 Fiesta,2016,10298,Manual,18016,Petrol,0,65.7,1
 Fiesta,2017,8498,Manual,14110,Petrol,150,54.3,1.2
 Kuga,2015,9000,Manual,52180,Diesel,125,60.1,2
 Kuga,2019,18300,Manual,12587,Petrol,145,35.3,1.5
 Kuga,2019,18700,Manual,7536,Diesel,145,54.3,1.5
 Fiesta,2017,7800,Manual,29543,Petrol,125,54.3,1.2
 Ka+,2018,8150,Manual,9763,Petrol,145,57.7,1.2
 Fiesta,2018,12700,Manual,17299,Petrol,145,61.4,1
 Fiesta,2017,9300,Manual,11474,Petrol,145,64.2,1.1
 Ka+,2017,7100,Manual,17750,Petrol,145,57.7,1.2
 Focus,2017,9798,Manual,39763,Diesel,0,74.3,1.5
 EcoSport,2017,9498,Manual,15750,Petrol,145,44.8,1.5
 Fiesta,2017,8998,Manual,13684,Petrol,125,54.3,1.2
 Focus,2016,10798,Manual,22904,Diesel,0,74.3,1.5
 Grand C-MAX,2017,10498,Manual,35853,Diesel,30,64.2,1.5
 Fiesta,2016,8998,Manual,36488,Petrol,20,62.8,1
 Mondeo,2016,9998,Semi-Auto,65249,Diesel,125,57.7,2
 Kuga,2019,17870,Manual,6618,Diesel,145,45.6,1.5
 Focus,2019,16640,Manual,7864,Petrol,145,60.1,1
 Puma,2020,20991,Manual,910,Petrol,145,50.4,1
 Fiesta,2018,9491,Manual,19272,Petrol,145,64.2,1.1
 Focus,2018,10700,Manual,28313,Petrol,145,60.1,1
 B-MAX,2018,10550,Manual,4723,Petrol,145,55.4,1
 Focus,2018,11000,Manual,11817,Petrol,145,60.1,1
 Focus,2019,18391,Automatic,12821,Petrol,145,50.4,1
 Fiesta,2017,9157,Manual,14330,Petrol,0,65.7,1
 Focus,2017,10930,Manual,6471,Petrol,20,61.4,1
 Fiesta,2017,8000,Manual,20901,Petrol,145,54.3,1.2
 Fiesta,2018,10950,Manual,14415,Petrol,145,65.7,1
 Fiesta,2013,5200,Manual,50501,Petrol,0,65.7,1
 Focus,2018,13400,Manual,8271,Petrol,145,60.1,1
 Ka+,2018,8000,Manual,6334,Petrol,145,57.7,1.2
 Fiesta,2017,9350,Manual,10228,Petrol,145,64.2,1.1
 Fiesta,2017,8500,Manual,17812,Petrol,145,54.3,1.2
 Focus,2016,11500,Manual,72085,Diesel,20,67.3,2
 Fiesta,2018,9650,Manual,29163,Petrol,145,65.7,1
 Kuga,2017,16750,Manual,32879,Diesel,145,54.3,2
 Focus,2019,16998,Manual,15888,Petrol,145,60.1,1
 Fiesta,2016,7498,Manual,33631,Petrol,125,54.3,1.2
 Fiesta,2018,10498,Manual,7654,Petrol,150,55.4,1.1
 EcoSport,2016,9698,Manual,21169,Petrol,125,53.3,1
 Kuga,2015,13998,Manual,28126,Diesel,145,54.3,2
 Fiesta,2017,10498,Manual,22125,Petrol,0,65.7,1
 Focus,2016,8798,Manual,47577,Diesel,0,74.3,1.5
 Focus,2017,11698,Manual,17750,Diesel,0,74.3,1.5
 Focus,2018,12998,Manual,15448,Petrol,145,57.7,1
 Focus,2019,13998,Manual,16879,Petrol,150,58.9,1
 Fiesta,2018,12500,Manual,33095,Petrol,145,65.7,1
 Focus,2017,11700,Manual,18524,Petrol,20,60.1,1
 Fiesta,2018,12500,Manual,33268,Petrol,145,65.7,1
 Fiesta,2018,9500,Manual,21857,Petrol,145,64.2,1.1
 Fiesta,2018,10000,Manual,21763,Petrol,145,65.7,1
 Focus,2017,11450,Manual,23319,Petrol,145,60.1,1
 Ka+,2017,7500,Manual,10282,Petrol,30,57.7,1.2
 Focus,2017,11450,Manual,24521,Petrol,20,60.1,1
 Fiesta,2020,18000,Manual,5,Petrol,145,55.4,1
 Ka+,2017,7700,Manual,7062,Petrol,145,57.7,1.2
 Focus,2018,11800,Manual,17312,Petrol,145,60.1,1
 Fiesta,2015,7850,Manual,19810,Petrol,30,54.3,1.2
 Kuga,2019,18750,Manual,6157,Diesel,145,54.3,1.5
 Fiesta,2017,9750,Manual,9576,Petrol,145,64.2,1.1
 EcoSport,2018,12500,Manual,9963,Petrol,145,54.3,1
 Fiesta,2018,11500,Manual,16093,Petrol,145,65.7,1
 Focus,2017,10800,Manual,36050,Petrol,145,60.1,1
 Kuga,2016,11998,Manual,28989,Diesel,30,64.2,1.5
 Kuga,2019,17750,Manual,10785,Petrol,145,34.4,1.5
 Kuga,2019,17500,Manual,14154,Diesel,145,38.2,2
 EcoSport,2018,13750,Manual,16025,Petrol,145,54.3,1
 Focus,2017,10400,Manual,13275,Petrol,145,60.1,1
 Kuga,2017,15995,Manual,22894,Diesel,145,64.2,1.5
 Kuga,2014,9650,Manual,63348,Diesel,145,53.3,2
 Fiesta,2016,8600,Manual,32408,Petrol,0,65.7,1
 Focus,2016,13500,Manual,36638,Diesel,20,67.3,2
 Focus,2018,11500,Manual,10051,Petrol,145,60.1,1
 Focus,2018,11650,Manual,7680,Petrol,145,60.1,1
 Ka+,2017,7750,Manual,22499,Petrol,145,57.7,1.2
 Fiesta,2017,9000,Manual,15378,Petrol,0,65.7,1
 Fiesta,2017,11298,Manual,11806,Petrol,0,65.7,1
 Focus,2014,5698,Manual,70745,Petrol,20,60.1,1
 Fiesta,2014,5298,Manual,69323,Diesel,0,76.4,1.5
 Fiesta,2013,6498,Semi-Auto,40491,Petrol,150,47.9,1.6
 Kuga,2017,13500,Manual,9374,Diesel,145,64.2,1.5
 Fiesta,2018,11500,Manual,23239,Petrol,145,65.7,1
 Ka+,2019,10000,Manual,3914,Petrol,145,47.9,1.2
 Focus,2018,12598,Manual,22162,Petrol,150,57.7,1
 Focus,2015,9498,Manual,29901,Diesel,0,74.3,1.5
 Focus,2019,16498,Manual,14645,Petrol,150,60.1,1
 Fiesta,2018,10998,Manual,25642,Petrol,145,65.7,1
 Fiesta,2017,9498,Manual,8552,Petrol,125,54.3,1.2
 Focus,2016,10498,Manual,17685,Diesel,0,74.3,1.5
 Kuga,2017,12998,Manual,6318,Petrol,160,45.6,1.5
 Focus,2019,16498,Automatic,5955,Petrol,145,51.4,1
 Focus,2019,18498,Automatic,6096,Diesel,145,64.2,2
 Focus,2017,10498,Manual,26029,Diesel,0,74.3,1.5
 EcoSport,2017,8500,Manual,27400,Petrol,150,53.3,1
 Fiesta,2017,11500,Manual,12061,Diesel,145,78.5,1.5
 Fiesta,2018,11450,Manual,15220,Petrol,145,65.7,1
 EcoSport,2018,12850,Manual,19225,Petrol,145,54.3,1
 Focus,2019,25500,Manual,3011,Petrol,145,34.5,2.3
 Focus,2019,25500,Manual,6338,Petrol,145,34.5,2.3
 Focus,2016,9000,Manual,36565,Diesel,0,74.3,1.5
 Kuga,2015,12000,Manual,28676,Diesel,125,60.1,2
 Focus,2016,10250,Manual,23256,Petrol,125,51.4,1.5
 Fiesta,2017,9000,Manual,19869,Diesel,145,78.5,1.5
 Focus,2017,9998,Manual,28761,Diesel,0,74.3,1.5
 Kuga,2017,12198,Manual,25966,Diesel,30,64.2,1.5
 Kuga,2015,12298,Manual,33749,Diesel,125,60.1,2
 B-MAX,2014,6498,Manual,34744,Petrol,30,55.4,1
 Focus,2017,14000,Manual,43000,Petrol,150,41.5,2
 Fiesta,2016,7000,Manual,65000,Diesel,0,88.3,1.5
 KA,2013,4950,Manual,25300,Petrol,30,57.7,1.2
 Focus,2017,10500,Manual,37920,Diesel,145,74.3,1.5
 Focus,2018,13650,Manual,13485,Petrol,145,57.7,1
 Fiesta,2018,10850,Manual,12946,Petrol,145,65.7,1
 Fiesta,2018,9650,Manual,15237,Petrol,145,64.2,1.1
 Fiesta,2018,9950,Manual,9649,Petrol,145,64.2,1.1
 Fiesta,2018,10000,Manual,27843,Petrol,145,65.7,1
 Focus,2013,6776,Manual,35490,Diesel,20,67.3,1.6
 Focus,2016,7480,Manual,62595,Diesel,0,74.3,1.5
 Fiesta,2017,8310,Manual,18680,Petrol,125,54.3,1.2
 Ka+,2017,7625,Manual,13404,Petrol,145,57.7,1.2
 KA,2014,4430,Manual,28883,Petrol,30,57.7,1.2
 Fiesta,2016,8498,Manual,20447,Petrol,125,54.3,1.2
 EcoSport,2018,12698,Manual,1370,Petrol,145,54.3,1
 Focus,2018,13998,Manual,12024,Petrol,145,58.9,1
 Focus,2017,11498,Manual,15378,Petrol,20,61.4,1
 Focus,2015,7698,Manual,43361,Petrol,20,60.1,1
 Fiesta,2018,9000,Manual,9592,Petrol,145,64.2,1.1
 Fiesta,2018,9000,Manual,10945,Petrol,145,64.2,1.1
 Fiesta,2018,10450,Manual,9000,Petrol,145,64.2,1.1
 Fiesta,2018,10450,Manual,20000,Petrol,145,65.7,1
 Fiesta,2018,10000,Manual,8932,Petrol,145,65.7,1
 Fiesta,2017,10000,Manual,19496,Petrol,145,65.7,1
 Fiesta,2018,10650,Manual,11451,Petrol,145,65.7,1
 Kuga,2016,15000,Manual,18454,Diesel,145,54.3,2
 Fiesta,2017,10000,Manual,12068,Petrol,145,65.7,1
 Fiesta,2017,8850,Manual,16913,Petrol,125,54.3,1.2
 EcoSport,2016,10998,Semi-Auto,13303,Petrol,160,44.8,1.5
 Focus,2019,17998,Automatic,2676,Diesel,145,64.2,2
 B-MAX,2016,8698,Manual,24917,Petrol,30,57.7,1
 Fiesta,2014,7698,Manual,8487,Petrol,30,54.3,1.2
 Fiesta,2016,9998,Manual,24242,Petrol,0,65.7,1
 Kuga,2017,13998,Manual,21511,Diesel,150,64.2,1.5
 B-MAX,2014,7998,Semi-Auto,29044,Petrol,165,44.1,1.6
 Focus,2017,11298,Manual,14604,Diesel,0,74.3,1.5
 Focus,2019,15298,Automatic,12779,Petrol,145,48.7,1
 Kuga,2019,19298,Manual,11251,Petrol,145,39.2,1.5
 Fiesta,2018,13495,Manual,14000,Diesel,145,88.3,1.5
 Kuga,2017,13995,Manual,58402,Diesel,125,60.1,2
 S-MAX,2017,14995,Manual,67318,Diesel,125,56.5,2
 Galaxy,2017,14995,Manual,50565,Diesel,150,56.5,2
 EcoSport,2019,16995,Semi-Auto,4401,Petrol,150,45.6,1
 Kuga,2019,18495,Manual,9447,Diesel,150,54.3,1.5
 S-MAX,2016,15495,Automatic,72189,Diesel,125,56.5,2
 C-MAX,2017,10495,Manual,34463,Petrol,145,55.4,1
 Focus,2017,38015,Manual,197,Diesel,145,74.3,1.5
 Kuga,2017,13995,Manual,55121,Diesel,145,54.3,2
 Kuga,2018,16998,Manual,3713,Diesel,145,54.3,1.5
 Fiesta,2013,8698,Manual,9734,Petrol,0,65.7,1
 Fiesta,2018,10498,Manual,8163,Petrol,150,55.4,1.1
 Fiesta,2016,7298,Manual,33349,Petrol,125,54.3,1.2
 Kuga,2015,9498,Manual,62232,Diesel,125,60.1,2
 Focus,2017,14498,Manual,37886,Diesel,20,67.3,2
 C-MAX,2017,10998,Manual,13888,Diesel,145,68.9,1.5
 Grand C-MAX,2017,10798,Manual,19318,Diesel,30,64.2,1.5
 S-MAX,2017,16498,Manual,25595,Petrol,150,43.5,1.5
 Focus,2017,16998,Manual,25129,Diesel,20,67.3,2
 Grand Tourneo Connect,2017,14998,Automatic,12757,Diesel,145,56.6,1.5
 Grand C-MAX,2017,12498,Semi-Auto,17367,Diesel,30,58.9,1.5
 Focus,2017,15995,Manual,22947,Diesel,20,67.3,2
 Fiesta,2017,7995,Manual,18250,Petrol,125,54.3,1.2
 Tourneo Custom,2016,16700,Manual,22704,Diesel,200,44.8,2
 Fiesta,2017,7430,Manual,12370,Petrol,125,54.3,1.2
 Fiesta,2015,6999,Manual,27425,Petrol,125,54.3,1.2
 Focus,2013,5999,Manual,41675,Petrol,20,58.9,1
 Mondeo,2015,9999,Manual,45971,Diesel,20,68.9,2
 Fiesta,2017,7713,Manual,12370,Petrol,125,54.3,1.2
 C-MAX,2016,9247,Manual,26199,Diesel,20,68.9,1.5
 Kuga,2017,13190,Manual,31181,Diesel,145,60.1,2
 Focus,2018,11810,Manual,17330,Petrol,145,51.4,1.5
 Ka+,2019,10600,Manual,2179,Petrol,145,47.9,1.2
 Ka+,2019,10440,Manual,1524,Petrol,145,47.9,1.2
 Ka+,2019,10460,Manual,1161,Petrol,145,47.9,1.2
 Fiesta,2017,10260,Manual,20926,Petrol,0,65.7,1
 C-MAX,2017,9650,Manual,42581,Diesel,20,68.9,1.5
 Kuga,2018,15891,Manual,21651,Petrol,145,45.6,1.5
 Mondeo,2018,13691,Manual,9055,Diesel,145,78.5,1.5
 Focus,2017,9870,Manual,23699,Petrol,145,60.1,1
 Fiesta,2017,9020,Manual,29535,Petrol,0,65.7,1
 Kuga,2017,12320,Manual,28866,Diesel,145,54.3,2
 Fiesta,2016,8990,Manual,7872,Petrol,0,65.7,1
 Focus,2017,11991,Manual,23445,Diesel,0,74.3,1.5
 Fiesta,2014,5491,Manual,60259,Petrol,30,54.3,1.2
 Fiesta,2016,9210,Manual,28720,Petrol,0,65.7,1
 Fiesta,2017,10491,Manual,19980,Petrol,0,65.7,1
 Galaxy,2017,20627,Automatic,7743,Diesel,145,52.3,2
 Fiesta,2019,10850,Manual,14669,Petrol,145,58.9,1
 Ka+,2018,7500,Manual,8879,Petrol,145,57.7,1.2
 Focus,2016,9790,Manual,34006,Diesel,0,74.3,1.5
 Ka+,2017,7450,Manual,11690,Petrol,145,57.7,1.2
 KA,2013,3691,Manual,33735,Petrol,30,57.7,1.2
 C-MAX,2017,10980,Manual,28523,Diesel,20,68.9,1.5
 Fiesta,2019,14021,Automatic,5489,Petrol,145,48.7,1
 Focus,2018,16700,Manual,7732,Petrol,145,60.1,1
 Mondeo,2017,12790,Manual,31959,Petrol,145,48.7,1.5
 Ka+,2018,8095,Manual,7933,Petrol,145,57.7,1.2
 Focus,2018,18797,Manual,5946,Petrol,145,41.5,2
 Focus,2015,8000,Manual,45566,Diesel,0,74.3,1.5
 Fiesta,2016,8640,Manual,17782,Petrol,125,54.3,1.2
 C-MAX,2014,8830,Manual,32123,Petrol,30,55.4,1
 Fiesta,2014,6250,Manual,40946,Petrol,0,65.7,1
 Fiesta,2016,7495,Manual,28805,Petrol,125,54.3,1.2
 Focus,2018,13498,Manual,18744,Diesel,145,74.3,1.5
 Tourneo Custom,2017,17998,Manual,41269,Diesel,145,44.8,2
 Focus,2017,10991,Manual,25899,Petrol,150,60.1,1
 Focus,2018,12991,Manual,15623,Petrol,150,57.7,1
 Fiesta,2019,12991,Manual,13505,Petrol,150,58.9,1
 Fiesta,2020,15980,Manual,2489,Petrol,150,55.4,1
 Mondeo,2017,13991,Semi-Auto,27492,Diesel,125,58.9,2
 EcoSport,2017,9791,Manual,28000,Petrol,145,52.3,1
 Focus,2017,11291,Semi-Auto,12857,Petrol,125,51.4,1
 Fiesta,2014,7830,Manual,34567,Petrol,0,65.7,1
 Focus,2015,7180,Manual,44583,Diesel,0,74.3,1.5
 Focus,2017,18491,Manual,18523,Petrol,200,41.5,2
 Fiesta,2018,10760,Manual,12849,Petrol,145,58.9,1
 Fiesta,2018,11030,Manual,20271,Petrol,145,65.7,1
 Fiesta,2018,10870,Manual,19733,Petrol,145,65.7,1
 Focus,2016,11290,Manual,9928,Petrol,20,60.1,1
 Mondeo,2015,9221,Manual,59292,Diesel,20,68.9,2
 C-MAX,2016,9791,Semi-Auto,37561,Diesel,20,64.2,1.5
 C-MAX,2017,10291,Manual,12812,Diesel,20,68.9,1.5
 Grand C-MAX,2015,8991,Manual,49633,Diesel,30,64.2,1.5
 Fiesta,2014,6691,Manual,33391,Petrol,30,54.3,1.2
 Kuga,2017,17491,Manual,20000,Diesel,150,54.3,2
 Tourneo Custom,2016,15298,Manual,62505,Diesel,200,46.3,2
 Focus,2017,10998,Manual,31953,Diesel,145,74.3,1.5
 Fiesta,2016,7998,Manual,20777,Petrol,125,54.3,1.2
 Kuga,2016,12498,Manual,13920,Petrol,160,45.6,1.5
 Fiesta,2016,8498,Manual,39271,Diesel,0,88.3,1.5
 Kuga,2014,9498,Manual,35003,Petrol,200,42.8,1.6
 Kuga,2017,16998,Manual,18787,Petrol,165,45.6,1.5
 Focus,2017,16495,Manual,33770,Petrol,145,41.5,2
 Focus,2018,14160,Manual,10109,Petrol,145,58.9,1
 Focus,2018,14300,Manual,9713,Petrol,145,58.9,1
 C-MAX,2013,6700,Manual,62445,Diesel,30,61.4,1.6
 Fiesta,2018,10120,Manual,3665,Petrol,145,64.2,1.1
 Fiesta,2016,8800,Manual,46730,Petrol,0,65.7,1
 Fiesta,2014,7580,Manual,32356,Petrol,0,65.7,1
 Fiesta,2013,7860,Semi-Auto,23079,Petrol,145,47.9,1.6
 Focus,2017,11880,Manual,2435,Petrol,145,61.4,1
 Focus,2015,7191,Manual,63780,Diesel,20,67.3,1.6
 Fiesta,2014,6250,Manual,38906,Petrol,30,54.3,1.2
 EcoSport,2015,7720,Manual,55417,Diesel,30,61.4,1.5
 Focus,2018,19700,Manual,8022,Petrol,145,41.5,2
 Fiesta,2015,7691,Manual,24755,Petrol,0,65.7,1
 Focus,2014,7820,Manual,39000,Diesel,0,74.3,1.5
 Fiesta,2017,10491,Manual,13326,Petrol,145,65.7,1
 Puma,2020,20991,Manual,5750,Petrol,145,49.6,1
 Kuga,2019,18691,Manual,151,Diesel,145,38.2,2
 Ka+,2017,7350,Manual,16756,Petrol,145,57.7,1.2
 EcoSport,2018,14030,Manual,8000,Petrol,145,54.3,1
 Fiesta,2018,9981,Manual,4399,Petrol,145,64.2,1.1
 Fiesta,2016,9998,Manual,20125,Petrol,0,65.7,1
 Ka+,2018,9291,Manual,4191,Petrol,145,47.9,1.2
 Fiesta,2017,8770,Manual,17974,Petrol,125,54.3,1.2
 Fiesta,2015,6991,Manual,29012,Petrol,125,54.3,1.2
 Fiesta,2017,9290,Manual,20286,Petrol,145,65.7,1
 Fiesta,2018,12990,Manual,11814,Petrol,145,57.7,1
 Fiesta,2018,10490,Manual,22345,Petrol,145,58.9,1
 Grand C-MAX,2018,11176,Manual,32038,Diesel,145,64.2,1.5
 Focus,2018,11150,Manual,16709,Petrol,150,60.1,1
 Fiesta,2017,11150,Manual,9919,Petrol,145,65.7,1
 Focus,2017,11190,Semi-Auto,38410,Diesel,145,74.3,1.5
 Grand Tourneo Connect,2016,11410,Manual,47548,Diesel,30,64.2,1.5
 Focus,2017,18930,Manual,13965,Petrol,145,41.5,2
 Fiesta,2017,9607,Manual,6596,Petrol,145,64.2,1.1
 EcoSport,2018,14790,Semi-Auto,14487,Petrol,145,48.7,1
 Ka+,2018,9691,Manual,11881,Petrol,145,43.5,1.2
 Puma,2020,19970,Manual,2075,Petrol,145,50.4,1
 Fiesta,2016,7180,Manual,27520,Petrol,125,54.3,1.2
 Fiesta,2018,10060,Manual,26629,Petrol,145,56.5,1
 Fiesta,2018,9880,Manual,20860,Petrol,145,65.7,1
 Fiesta,2018,10290,Manual,14696,Petrol,145,58.9,1
 Fiesta,2019,12880,Manual,9018,Petrol,145,58.9,1
 EcoSport,2017,10000,Manual,19383,Petrol,150,52.3,1
 Ka+,2017,8000,Manual,12418,Petrol,150,57.7,1.2
 Focus,2017,10650,Manual,16946,Petrol,150,60.1,1
 Focus,2017,11650,Manual,22344,Petrol,150,51.4,1.5
 EcoSport,2018,13500,Manual,17653,Petrol,150,54.3,1
 EcoSport,2017,9550,Manual,21791,Petrol,145,44.8,1.5
 EcoSport,2018,14700,Manual,10000,Petrol,145,54.3,1
 Ka+,2017,6800,Manual,31611,Petrol,30,57.7,1.2
 Fiesta,2017,11000,Manual,10802,Petrol,145,65.7,1
 Fiesta,2018,11000,Manual,9000,Petrol,145,65.7,1
 Fiesta,2019,13860,Manual,10175,Petrol,145,58.9,1
 Fiesta,2019,15050,Manual,11559,Petrol,145,58.9,1
 Focus,2019,15470,Manual,8724,Petrol,145,60.1,1
 Focus,2019,15590,Manual,11110,Petrol,145,60.1,1
 Focus,2019,15020,Manual,20300,Petrol,145,60.1,1
 Fiesta,2019,16370,Automatic,5206,Petrol,145,48.7,1
 Focus,2019,17250,Manual,17500,Diesel,145,62.8,1.5
 Focus,2017,15480,Manual,25894,Petrol,200,41.5,2
 Fiesta,2017,7960,Manual,34620,Petrol,145,65.7,1
 Focus,2019,15860,Manual,12853,Diesel,145,74.3,1.5
 Fiesta,2019,13000,Manual,11233,Petrol,145,60.1,1
 Fiesta,2013,7020,Manual,26445,Petrol,0,65.7,1
 Focus,2016,16700,Manual,11968,Petrol,200,41.5,2
 B-MAX,2017,8791,Manual,17459,Petrol,145,47.1,1.4
 Kuga,2017,12480,Manual,15284,Petrol,160,45.6,1.5
 Mondeo,2018,13491,Manual,22976,Diesel,145,68.9,2
 Mondeo,2016,12991,Manual,21188,Diesel,30,64.2,2
 EcoSport,2017,9210,Manual,17592,Petrol,145,52.3,1
 Fiesta,2018,10498,Manual,11421,Petrol,145,65.7,1
 Fiesta,2015,6998,Manual,30383,Petrol,125,54.3,1.2
 Focus,2018,14498,Manual,13218,Diesel,145,80.7,1.5
 Fiesta,2016,9998,Manual,23348,Petrol,20,62.8,1
 Focus,2019,16998,Manual,15608,Petrol,145,60.1,1
 Fiesta,2019,13998,Manual,9500,Petrol,150,56.5,1
 Fiesta,2018,10500,Manual,18266,Petrol,150,65.7,1
 Kuga,2017,16500,Semi-Auto,8666,Diesel,145,58.9,1.5
 Kuga,2018,14280,Manual,15331,Diesel,145,54.3,2
 Kuga,2013,8698,Manual,62637,Diesel,145,53.3,2
 EcoSport,2019,15998,Manual,5846,Petrol,150,52.3,1
 Fiesta,2016,7498,Manual,25123,Petrol,125,54.3,1.2
 Fiesta,2016,11298,Manual,5796,Petrol,20,62.8,1
 Focus,2019,16998,Automatic,6641,Diesel,145,64.2,2
 Focus,2016,14998,Manual,9054,Diesel,20,67.3,2
 Fiesta,2015,7698,Manual,25858,Petrol,0,65.7,1
 B-MAX,2017,9698,Manual,14708,Diesel,0,74.3,1.5
 C-MAX,2017,8998,Manual,25918,Diesel,20,68.9,1.5
 Fiesta,2016,8698,Manual,16353,Petrol,0,65.7,1
 Focus,2017,11298,Manual,17530,Diesel,0,74.3,1.5
 Kuga,2019,19698,Manual,95,Diesel,145,54.3,1.5
 Fiesta,2017,9998,Manual,17265,Petrol,145,65.7,1
 Fiesta,2017,10200,Manual,11743,Petrol,145,64.2,1.1
 Focus,2016,16998,Manual,16018,Petrol,200,41.5,2
 Edge,2016,14998,Manual,77137,Diesel,160,48.7,2
 Fiesta,2016,8640,Manual,21763,Petrol,125,54.3,1.2
 C-MAX,2014,8367,Manual,36300,Petrol,30,55.4,1
 Focus,2019,17530,Automatic,7648,Petrol,145,47.9,1.5
 Focus,2019,16920,Manual,4596,Diesel,145,61.4,1.5
 Focus,2018,13691,Manual,12603,Petrol,145,58.9,1
 Focus,2017,11750,Manual,8556,Petrol,145,60.1,1
 Fiesta,2018,12250,Manual,8000,Petrol,145,65.7,1
 Ka+,2017,8200,Manual,7616,Petrol,145,57.7,1.2
 Focus,2017,10500,Manual,28244,Diesel,0,74.3,1.5
 Fiesta,2016,8500,Manual,19116,Petrol,125,54.3,1.2
 Fiesta,2018,11000,Manual,8468,Petrol,145,65.7,1
 Fiesta,2018,10400,Manual,18515,Petrol,145,65.7,1
 Fiesta,2018,14250,Manual,24038,Petrol,150,60.1,1
 Mondeo,2018,13000,Manual,42678,Diesel,150,62.8,2
 Fiesta,2017,8700,Manual,20785,Petrol,0,65.7,1
 Kuga,2017,17498,Manual,8800,Diesel,150,54.3,2
 Galaxy,2017,17998,Manual,34034,Diesel,150,56.5,2
 Fiesta,2016,9998,Manual,14010,Petrol,0,65.7,1
 C-MAX,2016,9698,Manual,62703,Diesel,20,68.9,1.5
 Mondeo,2017,14498,Automatic,22628,Petrol,235,38.2,2
 Fiesta,2019,11498,Manual,9923,Petrol,145,58.9,1
 B-MAX,2017,9698,Manual,13479,Petrol,30,55.4,1
 Focus,2017,10498,Manual,17650,Petrol,145,61.4,1
 C-MAX,2016,7498,Manual,51402,Petrol,30,55.4,1
 EcoSport,2019,16798,Manual,1711,Petrol,145,51.4,1
 Focus,2016,7998,Manual,69312,Diesel,0,74.3,1.5
 Focus,2017,11698,Manual,8111,Petrol,145,61.4,1
 Focus,2013,5498,Manual,67133,Diesel,20,67.3,1.6
 Fiesta,2017,8998,Manual,14188,Petrol,125,54.3,1.2
 Focus,2017,14998,Manual,39193,Diesel,145,67.3,2
 Fiesta,2015,5998,Manual,33830,Petrol,30,54.3,1.2
 EcoSport,2017,10498,Manual,21114,Petrol,125,52.3,1
 Focus,2017,15498,Manual,37989,Petrol,145,41.5,2
 Fiesta,2016,9698,Manual,29714,Diesel,0,78.5,1.5
 Focus,2016,8298,Manual,49173,Diesel,0,74.3,1.5
 Kuga,2017,16298,Manual,25623,Diesel,125,60.1,2
 Focus,2015,7998,Manual,29331,Diesel,0,83.1,1.5
 Fiesta,2016,7998,Manual,26295,Petrol,0,65.7,1
 Fiesta,2017,8498,Manual,26052,Petrol,125,54.3,1.2
 Fiesta,2018,10298,Manual,17672,Petrol,145,65.7,1
 Mondeo,2018,15998,Automatic,19872,Petrol,145,44.8,1.5
 EcoSport,2018,13498,Manual,12495,Petrol,145,54.3,1
 Fiesta,2013,5998,Manual,28514,Petrol,30,54.3,1.2
 Fiesta,2016,7298,Manual,33524,Diesel,0,78.5,1.5
 Kuga,2017,14998,Manual,15707,Diesel,145,64.2,1.5
 Focus,2019,16937,Manual,18651,Diesel,145,74.3,1.5
 Focus,2019,16491,Automatic,18512,Diesel,145,74.3,1.5
 Focus,2019,19000,Manual,7124,Petrol,145,60.1,1
 Focus,2019,19050,Manual,4637,Petrol,145,60.1,1
 Kuga,2017,12998,Manual,16733,Diesel,145,64.2,1.5
 Fiesta,2018,10998,Manual,25169,Petrol,145,56.5,1
 Fiesta,2017,8498,Manual,20253,Petrol,145,54.3,1.2
 Fiesta,2017,10998,Manual,10829,Petrol,0,65.7,1
 Focus,2019,13298,Manual,15320,Petrol,150,60.1,1
 Focus,2019,14798,Automatic,12848,Petrol,150,50.4,1
 Kuga,2015,12998,Manual,37976,Diesel,145,54.3,2
 Fiesta,2017,8798,Manual,26546,Petrol,0,65.7,1
 C-MAX,2017,11698,Semi-Auto,10194,Diesel,20,64.2,1.5
 Fiesta,2019,16040,Manual,1891,Petrol,145,58.9,1
 Fiesta,2017,7591,Manual,27546,Petrol,125,54.3,1.2
 Focus,2018,11691,Manual,13159,Petrol,145,61.4,1
 Focus,2019,17050,Manual,3891,Diesel,145,74.3,1.5
 Fiesta,2016,9998,Manual,33254,Petrol,20,62.8,1
 Focus,2018,18998,Manual,11339,Diesel,145,67.3,2
 Focus,2015,7998,Manual,46010,Diesel,20,67.3,1.6
 Fiesta,2014,5298,Manual,52950,Petrol,30,54.3,1.2
 Fiesta,2016,8698,Manual,38830,Petrol,0,65.7,1
 Focus,2013,8798,Manual,63921,Petrol,240,39.2,2
 Focus,2017,15298,Manual,16480,Diesel,20,67.3,2
 Focus,2017,11998,Manual,25950,Diesel,0,74.3,1.5
 Edge,2017,20698,Manual,17381,Diesel,150,47.9,2
 Mondeo,2019,17998,Manual,12584,Diesel,150,65.7,2
 C-MAX,2017,10698,Manual,17020,Petrol,150,55.4,1
 Fiesta,2017,10710,Automatic,12874,Petrol,145,54.3,1
 Focus,2017,11591,Manual,7612,Petrol,20,61.4,1
 Ka+,2018,7570,Manual,14604,Petrol,145,57.7,1.2
 Focus,2018,11460,Manual,21742,Petrol,145,61.4,1
 Fiesta,2018,8940,Manual,6310,Petrol,145,64.2,1.1
 EcoSport,2018,12460,Manual,22907,Petrol,145,54.3,1
 Focus,2017,10620,Manual,18385,Diesel,0,74.3,1.5
 Fiesta,2014,6680,Manual,39123,Diesel,0,76.4,1.5
 C-MAX,2017,11140,Manual,15295,Petrol,30,55.4,1
 Kuga,2017,12720,Manual,33503,Diesel,145,54.3,2
 Focus,2019,16298,Manual,14057,Petrol,150,49.6,1
 Kuga,2019,19680,Manual,15241,Diesel,145,47.9,2
 Ka+,2018,8591,Manual,13319,Petrol,145,48.7,1.2
 Focus,2019,14490,Manual,6384,Petrol,145,58.9,1
 Focus,2019,14530,Manual,4398,Petrol,145,58.9,1
 Focus,2019,14590,Manual,3648,Petrol,145,58.9,1
 Fiesta,2013,6570,Manual,33026,Petrol,30,54.3,1.2
 Focus,2015,8990,Manual,34998,Diesel,0,74.3,1.5
 Focus,2017,12240,Automatic,15540,Petrol,145,46.3,1.5
 Edge,2017,22250,Manual,7721,Diesel,145,48.7,2
 Fiesta,2017,8791,Manual,34617,Petrol,145,64.2,1.1
 Focus,2016,8080,Manual,57894,Diesel,0,74.3,1.5
 Fiesta,2016,8240,Manual,30152,Petrol,20,62.8,1
 Focus,2018,14891,Manual,14115,Diesel,145,74.3,1.5
 Fiesta,2019,13120,Manual,1327,Petrol,145,48.7,1.1
 Focus,2019,17390,Manual,3392,Petrol,145,60.1,1
 Focus,2019,19070,Manual,4165,Petrol,145,60.1,1
 Focus,2019,17380,Manual,4052,Petrol,145,60.1,1
 Focus,2019,17490,Manual,944,Petrol,145,60.1,1
 Focus,2015,8559,Manual,55601,Diesel,0,74.3,1.5
 Fiesta,2014,6391,Manual,43904,Petrol,30,54.3,1.2
 Fiesta,2017,10917,Automatic,8323,Petrol,145,54.3,1
 EcoSport,2019,16800,Manual,4586,Petrol,145,51.4,1
 Kuga,2019,19491,Manual,3114,Diesel,145,47.9,2
 Edge,2017,19557,Manual,24271,Diesel,145,48.7,2
 Fiesta,2017,8291,Manual,23080,Petrol,145,54.3,1.2
 Focus,2018,14691,Manual,16364,Petrol,145,57.7,1
 Ka+,2019,9790,Manual,5588,Petrol,145,43.5,1.2
 Focus,2019,16090,Manual,13696,Diesel,145,62.8,1.5
 Fiesta,2017,10210,Manual,5146,Petrol,0,65.7,1
 Fiesta,2018,8770,Manual,7340,Petrol,145,64.2,1.1
 Fiesta,2018,12460,Semi-Auto,5759,Petrol,145,54.3,1
 Kuga,2018,13210,Manual,10945,Diesel,145,64.2,1.5
 Focus,2017,11591,Manual,11055,Petrol,145,60.1,1
 Ka+,2018,8690,Manual,12696,Petrol,145,48.7,1.2
 EcoSport,2019,15990,Manual,2339,Petrol,145,53.3,1
 Ka+,2017,7491,Manual,18084,Petrol,30,57.7,1.2
 Fiesta,2018,10291,Manual,8340,Petrol,145,65.7,1
 Focus,2018,10700,Manual,22749,Petrol,145,60.1,1
 Tourneo Connect,2015,9998,Manual,88927,Diesel,30,64.2,1.5
 Fiesta,2018,10100,Manual,10748,Petrol,145,65.7,1
 Kuga,2019,23965,Manual,3489,Diesel,150,37.7,2
 Focus,2017,9891,Manual,24065,Petrol,150,61.4,1
 Ka+,2018,8191,Manual,8001,Petrol,150,57.7,1.2
 Puma,2020,20991,Manual,891,Petrol,150,50.4,1
 Focus,2020,18991,Manual,905,Petrol,150,60.1,1
 Kuga,2017,13991,Semi-Auto,18874,Diesel,150,58.9,1.5
 Ka+,2018,7891,Manual,12159,Petrol,150,57.7,1.2
 Fiesta,2018,11200,Manual,11550,Petrol,150,65.7,1
 Mondeo,2016,9491,Manual,60720,Diesel,0,78.5,1.5
 Tourneo Custom,2017,20156,Manual,4629,Diesel,145,44.8,2
 Focus,2018,12000,Manual,18952,Diesel,145,74.3,1.5
 Focus,2015,13838,Manual,26201,Petrol,200,41.5,2
 Tourneo Custom,2018,21948,Automatic,26909,Diesel,145,31.7,2
 Tourneo Custom,2018,21228,Automatic,22037,Diesel,145,31.7,2
 Fiesta,2019,16591,Manual,2913,Petrol,145,60.1,1
 Fiesta,2019,16491,Manual,898,Petrol,145,60.1,1
 Focus,2019,18420,Manual,6479,Diesel,145,57.6,2
 Focus,2019,17900,Manual,9504,Diesel,145,57.7,1.5
 Focus,2019,17350,Manual,4539,Diesel,145,61.4,1.5
 Kuga,2018,17401,Semi-Auto,23995,Diesel,145,47.9,2
 Focus,2015,9991,Manual,28351,Diesel,0,74.3,1.5
 Galaxy,2016,15870,Semi-Auto,34145,Diesel,145,52.3,2
 S-MAX,2017,16900,Manual,34314,Diesel,145,56.5,2
 Fiesta,2015,6590,Manual,25737,Petrol,125,54.3,1.2
 C-MAX,2013,8298,Manual,39632,Petrol,30,55.4,1
 Focus,2016,8798,Manual,43101,Diesel,0,74.3,1.5
 Fiesta,2015,7298,Manual,31387,Petrol,125,54.3,1.2
 Fiesta,2014,8498,Manual,26276,Petrol,0,65.7,1
 Fiesta,2017,14070,Manual,13106,Petrol,145,47.9,1.6
 Focus,2016,10300,Manual,21117,Petrol,20,60.1,1
 Fiesta,2017,10191,Manual,19068,Petrol,145,65.7,1
 Focus,2018,18520,Manual,11958,Petrol,145,41.5,2
 Ka+,2017,8330,Manual,11531,Petrol,145,57.7,1.2
 B-MAX,2017,8891,Manual,20226,Diesel,0,74.4,1.5
 Fiesta,2019,16150,Semi-Auto,1952,Petrol,145,48.7,1
 Focus,2019,17520,Manual,1987,Petrol,145,60.1,1
 Focus,2019,17000,Manual,4920,Diesel,145,80.7,1.5
 Focus,2019,17520,Manual,5000,Petrol,145,60.1,1
 Focus,2019,17520,Manual,3214,Petrol,145,60.1,1
 Fiesta,2015,6791,Manual,40206,Petrol,125,54.3,1.2
 Kuga,2015,9827,Manual,58837,Diesel,125,60.1,2
 Fiesta,2014,7698,Manual,23576,Petrol,0,65.7,1
 Kuga,2017,14998,Manual,15389,Diesel,30,64.2,1.5
 Fiesta,2017,11998,Manual,9177,Petrol,20,62.8,1
 Puma,2019,19750,Manual,110,Petrol,145,50.4,1
 Fiesta,2020,15750,Manual,52,Petrol,145,54.3,1
 EcoSport,2016,9400,Manual,29264,Petrol,125,53.3,1
 Focus,2019,16400,Manual,8664,Petrol,145,60.1,1
 Kuga,2019,23200,Manual,2017,Diesel,145,37.7,2
 EcoSport,2019,17700,Manual,618,Petrol,145,51.4,1
 Fiesta,2018,10250,Manual,5220,Petrol,145,64.2,1.1
 Fiesta,2017,10800,Manual,17465,Petrol,145,65.7,1
 Edge,2017,20498,Manual,17399,Diesel,145,48.7,2
 Focus,2019,16998,Manual,21480,Petrol,145,60.1,1
 Fiesta,2018,9298,Manual,19448,Petrol,145,64.2,1.1
 Tourneo Custom,2016,18798,Manual,44233,Diesel,200,46.3,2
 Focus,2019,16298,Automatic,12029,Petrol,145,41.5,1
 Fiesta,2016,9298,Manual,18502,Petrol,0,65.7,1
 Focus,2019,16000,Manual,6238,Petrol,145,60.1,1
 Fiesta,2018,9900,Manual,14825,Petrol,145,64.2,1.1
 Ka+,2019,10600,Manual,1802,Petrol,145,47.9,1.2
 Kuga,2019,20590,Manual,7580,Diesel,145,39.2,2
 Focus,2019,19741,Automatic,6750,Diesel,145,74.3,1.5
 Focus,2017,9470,Manual,30493,Diesel,145,74.3,1.5
 Focus,2019,19498,Automatic,6621,Diesel,145,64.2,2
 Fiesta,2013,6698,Manual,28685,Petrol,30,54.3,1.2
 Fiesta,2016,7780,Manual,37981,Petrol,0,65.7,1
 Fiesta,2018,9720,Manual,22038,Petrol,145,65.7,1
 Fiesta,2018,8691,Manual,12251,Petrol,145,64.2,1.1
 Fiesta,2013,6150,Manual,51341,Petrol,0,65.7,1
 Mondeo,2014,7381,Manual,58372,Diesel,30,62.8,2
 Fiesta,2014,6880,Manual,25180,Petrol,30,54.3,1.2
 Focus,2017,9347,Manual,35013,Diesel,145,74.3,1.5
 Fiesta,2019,14990,Manual,6591,Petrol,145,55.4,1
 KA,2015,5560,Manual,23593,Petrol,30,57.7,1.2
 Focus,2014,8390,Manual,18680,Diesel,20,67.3,1.6
 Fiesta,2017,9691,Manual,11377,Petrol,145,64.2,1.1
 Focus,2017,10200,Manual,27353,Petrol,145,60.1,1
 Fiesta,2018,10000,Manual,11377,Petrol,145,64.2,1.1
 Fiesta,2018,14500,Manual,5223,Petrol,145,58.9,1
 EcoSport,2017,9700,Manual,20771,Petrol,145,52.3,1
 Kuga,2017,14750,Manual,20855,Diesel,145,60.1,2
 Fiesta,2013,6750,Manual,16072,Petrol,30,54.3,1.2
 EcoSport,2017,10000,Manual,17331,Petrol,145,44.8,1.5
 Focus,2017,10800,Manual,35629,Petrol,145,60.1,1
 Kuga,2017,13666,Manual,22164,Diesel,30,64.2,1.5
 EcoSport,2018,11746,Manual,9152,Petrol,145,54.3,1
 Fiesta,2018,12991,Manual,21528,Petrol,145,61.4,1
 Fiesta,2019,15500,Manual,4551,Petrol,145,60.1,1
 Fiesta,2017,9240,Manual,27667,Petrol,145,64.2,1.1
 Focus,2018,13567,Manual,7756,Diesel,145,74.3,1.5
 Focus,2019,15351,Manual,13064,Petrol,145,58.9,1
 Focus,2019,15151,Manual,13591,Petrol,145,58.9,1
 Fiesta,2016,7498,Manual,10892,Petrol,125,54.3,1.2
 Kuga,2017,11998,Manual,34577,Diesel,30,64.2,1.5
 Focus,2016,14795,Manual,26000,Diesel,20,67.3,2
 Fiesta,2013,5995,Manual,42400,Petrol,0,65.7,1
 C-MAX,2016,8995,Manual,56000,Diesel,20,68.9,1.5
 Fiesta,2016,10890,Manual,24954,Petrol,145,47.9,1.6
 Focus,2015,7120,Manual,56561,Diesel,0,74.3,1.5
 Fiesta,2014,6891,Manual,35009,Petrol,30,54.3,1.2
 Fiesta,2015,9200,Semi-Auto,34808,Petrol,0,57.7,1
 Focus,2016,11070,Manual,17975,Diesel,0,74.3,1.5
 Fiesta,2016,11057,Manual,14644,Diesel,0,78.5,1.5
 Kuga,2017,12591,Manual,32590,Diesel,30,64.2,1.5
 Fiesta,2018,9491,Manual,16517,Petrol,145,64.2,1.1
 Fiesta,2018,9791,Manual,8600,Petrol,145,64.2,1.1
 Fiesta,2013,5625,Manual,34049,Petrol,30,54.3,1.2
 Focus,2017,12591,Manual,11627,Petrol,145,60.1,1
 Fiesta,2019,12610,Manual,13589,Petrol,145,56.5,1
 Ka+,2019,10500,Manual,3081,Petrol,145,47.9,1.2
 Focus,2016,9691,Manual,17915,Petrol,20,61.4,1
 Ka+,2018,8491,Manual,3482,Petrol,145,57.7,1.2
 Focus,2019,19990,Automatic,5796,Diesel,145,47.9,1.5
 B-MAX,2016,6710,Manual,51016,Petrol,145,47.1,1.4